Aktivitätstyp,Datum,Favorit,Titel,Distanz,Kalorien,Zeit,Ø Herzfrequenz,Maximale Herzfrequenz,Aerober TE,Ø Schrittfrequenz (Laufen),Max. Schrittfrequenz (Laufen),Ø Geschwindigkeit,Maximale Geschwindigkeit,Anstieg gesamt,Abstieg gesamt,Ø Schrittlänge,Durchschnittliches vertikales Verhältnis,Ø vertikale Bewegung,Ø Bodenkontaktzeit,Durchschnittliche Balance der Bodenkontaktzeit,Ø Trittfrequenz,Max. Trittfrequenz,Training Stress Score®,Ø Leistung,Max. Leistung,Grit,Flow,Züge insgesamt,Ø Swolf,Ø Schlagrate,Wiederholungen insgesamt,Sätze insgesamt,Routen insgesamt,Kletterzeit,Pausenzeit insgesamt,Tauchzeit,Minimale Temperatur,Oberflächenpause,Dekompression,Beste Rundenzeit,Anzahl der Runden,Maximale Temperatur,Zeit in Bewegung,Verstrichene Zeit,Minimale Höhe,Maximale Höhe
Krafttraining,2022-12-30 17:39:26,false,"Krafttraining A","0,00","491","01:29:40","113","146","1,3","0","0","--","--","--","--","0,00","0,0","0,0","0","--","0","0","0,0","0","0","0,0","0,0","--","0","0","255","25","--","--","--","0:00","24,0","0:00","Nein","01:29:40.25.4","1","0,0","00:55:56","01:29:40","--","--"
Radfahren,2022-12-28 12:28:36,false,"Würzburg Radfahren","1,74","77","00:08:23,9","128","150","1,2","0","0","12,4","30,4","41","1","0,00","0,0","0,0","0","--","0","0","0,0","0","0","0,0","0,0","--","0","0","0","--","--","--","--","0:00","23,0","0:00","Nein","08:23.94.9","1","0,0","00:07:09","00:08:23,9","179","220"
Radfahren,2022-12-28 11:15:35,false,"Würzburg Radfahren","3,28","112","00:18:06","110","130","0,6","0","0","10,9","18,6","23","14","0,00","0,0","0,0","0","--","0","0","0,0","0","0","0,0","0,0","--","0","0","0","--","--","--","--","0:00","26,0","0:00","Nein","18:05.66","1","0,0","00:14:28","00:18:06","174","185"
Krafttraining,2022-12-28 09:21:20,false,"Krafttraining B","0,00","480","01:38:45","105","159","0,9","0","0","--","--","--","--","0,00","0,0","0,0","0","--","0","0","0,0","0","0","0,0","0,0","--","0","0","323","29","--","--","--","0:00","23,0","0:00","Nein","01:38:44.92.2","1","0,0","01:00:01","01:39:24","--","--"
Radfahren,2022-12-28 08:51:44,false,"Würzburg Radfahren","5,01","163","00:18:22","127","155","2,0","0","0","16,4","37,0","25","55","0,00","0,0","0,0","0","--","0","0","0,0","0","0","0,0","0,0","--","0","0","0","--","--","--","--","0:00","23,0","0:00","Nein","00:14.96.5","2","0,0","00:16:03","00:18:22","186","199"
Krafttraining,2022-12-26 18:16:20,false,"Krafttraining A","0,00","531","01:24:59","122","156","2,3","0","0","--","--","--","--","0,00","0,0","0,0","0","--","0","0","0,0","0","0","0,0","0,0","--","0","0","249","30","--","--","--","0:00","27,0","0:00","Nein","01:24:58.67","1","0,0","00:31:40","01:32:24","--","--"
Laufen,2022-12-25 20:10:25,false,"Würzburg Laufen","4,49","348","00:26:34","165","185","3,4","155","164","5:55","4:47","245","70","1,09","0,0","0,0","0","--","0","0","0,0","0","0","0,0","0,0","--","0","0","0","--","--","--","--","0:00","18,0","0:00","Nein","26:33.87.4","1","0,0","00:26:24","00:29:41","3","216"
Krafttraining,2022-12-23 17:26:31,false,"Krafttraining B","0,00","381","01:03:16","115","158","2,0","0","0","--","--","--","--","0,00","0,0","0,0","0","--","0","0","0,0","0","0","0,0","0,0","--","0","0","253","25","--","--","--","0:00","25,0","0:00","Nein","01:03:15.84.5","1","0,0","00:32:33","01:03:16","--","--"
Radfahren,2022-12-23 11:48:41,false,"Würzburg Radfahren","3,83","158","00:23:12","116","131","0,9","0","0","9,9","34,6","56","103","0,00","0,0","0,0","0","--","0","0","0,0","0","0","0,0","0,0","--","0","0","0","--","--","--","--","0:00","18,0","0:00","Nein","23:12.25.3","1","0,0","00:16:33","00:23:12","195","223"
Radfahren,2022-12-21 10:04:12,false,"Würzburg Radfahren","4,75","171","00:27:10","112","149","1,1","0","0","10,5","26,3","42","43","0,00","0,0","0,0","0","--","0","0","0,0","0","0","0,0","0,0","--","0","0","0","--","--","--","--","0:00","23,0","0:00","Nein","27:10.29.7","1","0,0","00:22:36","00:27:10","176","201"
Krafttraining,2022-12-21 08:29:14,false,"Krafttraining A","0,00","394","01:22:28","104","135","0,5","0","0","--","--","--","--","0,00","0,0","0,0","0","--","0","0","0,0","0","0","0,0","0,0","--","0","0","231","24","--","--","--","0:00","22,0","0:00","Nein","01:22:28.37.1","1","0,0","00:49:37","01:22:28","--","--"
Radfahren,2022-12-21 07:56:35,false,"Würzburg Radfahren","5,17","161","00:20:51","119","150","1,5","0","0","14,9","93,9","24","33","0,00","0,0","0,0","0","--","0","0","0,0","0","0","0,0","0,0","--","0","0","0","--","--","--","--","0:00","22,0","0:00","Nein","01:00.73.5","2","0,0","00:17:33","00:20:51","210","228"
Sonstige,2022-12-19 19:21:28,false,"Würzburg Aa","2,68","834","01:37:37","148","193","3,9","18","240","1,6","25,7","141","181","1,73","0,0","0,0","0","--","0","0","0,0","0","0","0,0","0,0","--","0","0","0","--","--","--","--","0:00","23,0","0:00","Nein","20:40.17.6","3","0,0","00:45:18","01:37:37","140","197"
Krafttraining,2022-12-16 17:20:59,false,"Krafttraining B","0,00","358","01:13:14","105","132","0,5","0","0","--","--","--","--","0,00","0,0","0,0","0","--","0","0","0,0","0","0","0,0","0,0","--","0","0","191","23","--","--","--","0:00","23,0","0:00","Nein","01:13:13.67.3","1","0,0","00:40:34","01:13:14","--","--"
Radfahren,2022-12-14 09:52:47,false,"Würzburg Radfahren","4,74","216","00:25:09","126","154","2,1","0","0","11,3","19,7","47","28","0,00","0,0","0,0","0","--","0","0","0,0","0","0","0,0","0,0","--","0","0","0","--","--","--","--","0:00","19,0","0:00","Nein","25:08.55.2","1","0,0","00:21:42","00:25:09","177","208"
Krafttraining,2022-12-14 08:18:41,false,"Krafttraining A","0,00","431","01:18:15","112","141","1,2","0","0","--","--","--","--","0,00","0,0","0,0","0","--","0","0","0,0","0","0","0,0","0,0","--","0","0","249","27","--","--","--","0:00","22,0","0:00","Nein","01:18:14.65.3","1","0,0","00:44:38","01:20:50","--","--"
Radfahren,2022-12-14 07:47:05,false,"Würzburg Radfahren","5,01","183","00:19:19","132","171","2,3","0","0","15,6","37,4","23","30","0,00","0,0","0,0","0","--","0","0","0,0","0","0","0,0","0,0","--","0","0","0","--","--","--","--","0:00","19,0","0:00","Nein","00:29.93.8","2","0,0","00:16:24","00:23:52","184","199"
Radfahren,2022-12-09 19:14:01,false,"Würzburg Radfahren","4,70","395","01:09:47","113","143","1,3","0","0","4,0","41,5","58","158","0,00","0,0","0,0","0","--","0","0","0,0","0","0","0,0","0,0","--","0","0","0","--","--","--","--","0:00","17,0","0:00","Nein","00:01.32.2","2","0,0","00:37:23","01:09:47","176","221"
Bouldern,2022-12-09 17:16:59,false,"Bouldern","--","462","01:31:12","107","147","0,8","0","0","--","--","--","--","0,00","0,0","0,0","0","--","0","0","0,0","0","0","0,0","0,0","--","0","0","0","--","6","9:56","1:21:15","0:00","24,0","0:00","Nein","01:31:11.65.8","1","0,0","00:00:00","01:31:12","--","--"
Radfahren,2022-12-09 16:57:50,false,"Würzburg Radfahren","2,74","57","00:10:41","100","128","0,3","0","0","15,4","28,1","74","28","0,00","0,0","0,0","0","--","0","0","0,0","0","0","0,0","0,0","--","0","0","0","--","--","--","--","0:00","21,0","0:00","Nein","10:40.50.8","1","0,0","00:09:51","00:10:41","187","222"
Radfahren,2022-12-07 09:46:52,false,"Würzburg Radfahren","4,83","181","00:24:32","118","155","1,4","0","0","11,8","22,5","41","19","0,00","0,0","0,0","0","--","0","0","0,0","0","0","0,0","0,0","--","0","0","0","--","--","--","--","0:00","22,0","0:00","Nein","24:32.18.7","1","0,0","00:20:52","00:24:32","151","177"
Krafttraining,2022-12-07 09:35:04,false,"Krafttraining A","0,00","372","01:11:30","108","141","0,7","0","0","--","--","--","--","0,00","0,0","0,0","0","--","0","0","0,0","0","0","0,0","0,0","--","0","0","264","25","--","--","--","0:00","24,0","0:00","Nein","01:11:30.07.3","1","0,0","00:33:30","01:11:30","--","--"
Radfahren,2022-12-07 07:56:30,false,"Würzburg Radfahren","5,08","190","00:18:20","137","163","2,3","0","0","16,6","32,5","23","43","0,00","0,0","0,0","0","--","0","0","0,0","0","0","0,0","0,0","--","0","0","0","--","--","--","--","0:00","23,0","0:00","Nein","00:26.12.5","2","0,0","00:16:22","00:18:20","152","179"
HIIT,2022-12-05 19:22:45,false,"HIIT","0,00","751","01:31:14","143","184","3,4","0","0","--","--","--","--","0,00","0,0","0,0","0","--","0","0","0,0","0","0","0,0","0,0","--","0","0","21","1","--","--","--","0:00","22,0","0:00","Nein","01:31:13.61.6","1","0,0","01:31:14","01:31:14","--","--"
Gravel/Offroad-Radfahren,2022-12-04 15:20:06,false,"Würzburg Gravel/Offroad-Radfahren","27,77","991","01:32:13","159","184","4,7","0","0","18,1","56,0","312","299","0,00","0,0","0,0","0","--","0","0","0,0","0","0","0,0","0,0","--","0","0","0","--","--","--","--","0:00","20,0","0:00","Nein","07:09.64","6","0,0","01:30:33","02:15:02","144","304"
Radfahren,2022-12-02 19:35:39,false,"Würzburg Radfahren","4,77","194","00:24:41","122","152","1,3","0","0","11,6","19,3","47","12","0,00","0,0","0,0","0","--","0","0","0,0","0","0","0,0","0,0","--","0","0","0","--","--","--","--","0:00","21,0","0:00","Nein","24:41.41","1","0,0","00:22:00","00:24:41","176","209"
Krafttraining,2022-12-02 17:59:54,false,"Krafttraining B","0,00","437","01:23:13","109","138","0,7","0","0","--","--","--","--","0,00","0,0","0,0","0","--","0","0","0,0","0","0","0,0","0,0","--","0","0","304","28","--","--","--","0:00","24,0","0:00","Nein","01:23:12.60.9","1","0,0","00:48:53","01:26:03","--","--"
Radfahren,2022-12-02 17:27:49,false,"Würzburg Radfahren","5,00","143","00:19:56","115","145","1,0","0","0","15,1","37,3","25","136","0,00","0,0","0,0","0","--","0","0","0,0","0","0","0,0","0,0","--","0","0","0","--","--","--","--","0:00","23,0","0:00","Nein","00:17.09","2","0,0","00:15:44","00:19:56","188","201"
Radfahren,2022-11-30 09:42:07,false,"Würzburg Radfahren","4,85","178","00:23:26","120","159","1,2","0","0","12,4","21,4","37","9","0,00","0,0","0,0","0","--","0","0","0,0","0","0","0,0","0,0","--","0","0","0","--","--","--","--","0:00","25,0","0:00","Nein","23:25.59","1","0,0","00:20:27","00:23:26","175","199"
Krafttraining,2022-11-30 08:17:47,false,"Krafttraining A","0,00","372","01:13:06","105","143","0,7","0","0","--","--","--","--","0,00","0,0","0,0","0","--","0","0","0,0","0","0","0,0","0,0","--","0","0","275","25","--","--","--","0:00","25,0","0:00","Nein","01:13:05.75.3","1","0,0","00:40:36","01:14:25","--","--"
Radfahren,2022-11-30 07:53:03,false,"Würzburg Radfahren","5,06","164","00:18:16","128","159","1,9","0","0","16,6","32,5","37","56","0,00","0,0","0,0","0","--","0","0","0,0","0","0","0,0","0,0","--","0","0","0","--","--","--","--","0:00","23,0","0:00","Nein","00:27.03.8","2","0,0","00:16:25","00:18:16","166","199"
HIIT,2022-11-28 19:26:50,false,"HIIT","0,00","719","01:38:27","137","185","3,2","0","0","--","--","--","--","0,00","0,0","0,0","0","--","0","0","0,0","0","0","0,0","0,0","--","0","0","8","1","--","--","--","0:00","23,0","0:00","Nein","01:38:27.43","1","0,0","01:38:27","01:38:27","--","--"
Radfahren,2022-11-25 18:46:49,false,"Würzburg Radfahren","4,47","165","00:18:12","128","168","2,2","0","0","14,7","31,1","56","27","0,00","0,0","0,0","0","--","0","0","0,0","0","0","0,0","0,0","--","0","0","0","--","--","--","--","0:00","22,0","0:00","Nein","18:12.43","1","0,0","00:16:19","00:18:12","177","205"
Krafttraining,2022-11-25 17:14:48,false,"Krafttraining B","0,00","447","01:23:51","110","141","1,3","0","0","--","--","--","--","0,00","0,0","0,0","0","--","0","0","0,0","0","0","0,0","0,0","--","0","0","272","29","--","--","--","0:00","24,0","0:00","Nein","01:23:51.42.4","1","0,0","00:36:28","01:23:51","--","--"
Radfahren,2022-11-25 16:46:00,false,"Würzburg Radfahren","5,07","176","00:19:44","127","153","1,9","0","0","15,4","36,9","27","69","0,00","0,0","0,0","0","--","0","0","0,0","0","0","0,0","0,0","--","0","0","0","--","--","--","--","0:00","23,0","0:00","Nein","00:33.02.6","2","0,0","00:16:18","00:19:44","178","198"
Radfahren,2022-11-24 21:53:38,false,"Würzburg Radfahren","3,47","132","00:14:06","129","150","1,4","0","0","14,7","64,4","27","14","0,00","0,0","0,0","0","--","0","0","0,0","0","0","0,0","0,0","--","0","0","0","--","--","--","--","0:00","26,0","0:00","Nein","14:06.40.3","1","0,0","00:13:10","00:14:06","92","109"
Radfahren,2022-11-24 19:46:47,false,"Würzburg Radfahren","4,40","152","00:17:49","124","148","1,5","0","0","14,8","37,8","18","25","0,00","0,0","0,0","0","--","0","0","0,0","0","0","0,0","0,0","--","0","0","0","--","--","--","--","0:00","25,0","0:00","Nein","17:49.02.9","1","0,0","00:13:40","00:17:49","92","107"
Radfahren,2022-11-23 09:57:32,false,"Würzburg Radfahren","4,24","182","00:29:20","111","141","0,9","0","0","8,7","59,5","35","10","0,00","0,0","0,0","0","--","0","0","0,0","0","0","0,0","0,0","--","0","0","0","--","--","--","--","0:00","25,0","0:00","Nein","29:20.11.8","1","0,0","00:20:04","00:29:20","165","192"
Krafttraining,2022-11-23 08:17:08,false,"Krafttraining A","0,00","479","01:22:26","116","154","1,9","0","0","--","--","--","--","0,00","0,0","0,0","0","--","0","0","0,0","0","0","0,0","0,0","--","0","0","325","27","--","--","--","0:00","22,0","0:00","Nein","01:22:25.99.6","1","0,0","00:36:31","01:22:26","--","--"
Radfahren,2022-11-23 07:48:19,false,"Würzburg Radfahren","5,06","170","00:17:32","132","163","2,1","0","0","17,3","33,2","35","27","0,00","0,0","0,0","0","--","0","0","0,0","0","0","0,0","0,0","--","0","0","0","--","--","--","--","0:00","21,0","0:00","Nein","00:25.94","2","0,0","00:15:26","00:17:32","187","201"
HIIT,2022-11-21 19:23:19,false,"HIIT","0,00","792","01:42:27","140","186","3,3","0","0","--","--","--","--","0,00","0,0","0,0","0","--","0","0","0,0","0","0","0,0","0,0","--","0","0","34","1","--","--","--","0:00","24,0","0:00","Nein","01:42:26.53.8","1","0,0","01:18:02","01:42:27","--","--"
Krafttraining,2022-11-18 17:20:25,false,"Krafttraining B","0,00","476","01:26:30","112","150","1,0","0","0","--","--","--","--","0,00","0,0","0,0","0","--","0","0","0,0","0","0","0,0","0,0","--","0","0","308","30","--","--","--","0:00","26,0","0:00","Nein","01:26:29.78.4","1","0,0","00:45:10","01:26:30","--","--"
Radfahren,2022-11-18 15:49:09,false,"Würzburg Radfahren","4,84","138","00:15:15","127","156","1,8","0","0","19,0","39,8","24","78","0,00","0,0","0,0","0","--","0","0","0,0","0","0","0,0","0,0","--","0","0","0","--","--","--","--","0:00","26,0","0:00","Nein","15:15.30.4","1","0,0","00:14:38","00:15:15","114","177"
Radfahren,2022-11-18 12:11:34,false,"Würzburg Radfahren","7,57","392","00:37:52","142","178","2,7","0","0","12,0","45,1","163","126","0,00","0,0","0,0","0","--","0","0","0,0","0","0","0,0","0,0","--","0","0","0","--","--","--","--","0:00","24,0","0:00","Nein","10:22.97.3","2","0,0","00:32:28","00:37:52","129","190"
Radfahren,2022-11-16 10:32:03,false,"Würzburg Radfahren","4,67","172","00:21:22","123","143","1,3","0","0","13,1","43,3","50","14","0,00","0,0","0,0","0","--","0","0","0,0","0","0","0,0","0,0","--","0","0","0","--","--","--","--","0:00","19,0","0:00","Nein","21:21.58.8","1","0,0","00:18:24","00:21:22","177","211"
Krafttraining,2022-11-16 08:49:14,false,"Krafttraining A","0,00","716","01:32:38","131","166","2,7","0","0","--","--","--","--","0,00","0,0","0,0","0","--","0","0","0,0","0","0","0,0","0,0","--","0","0","335","29","--","--","--","0:00","20,0","0:00","Nein","01:32:37.94.4","1","0,0","00:51:57","01:33:29","--","--"
Radfahren,2022-11-16 08:21:50,false,"Würzburg Radfahren","5,16","131","00:18:37","116","130","0,8","0","0","16,6","36,7","70","29","0,00","0,0","0,0","0","--","0","0","0,0","0","0","0,0","0,0","--","0","0","0","--","--","--","--","0:00","15,0","0:00","Nein","01:06.66.3","2","0,0","00:16:15","00:18:37","192","211"
HIIT,2022-11-14 19:26:17,false,"HIIT","0,00","831","01:43:09","146","192","3,7","0","0","--","--","--","--","0,00","0,0","0,0","0","--","0","0","0,0","0","0","0,0","0,0","--","0","0","8","1","--","--","--","0:00","23,0","0:00","Nein","01:43:09.24.6","1","0,0","01:43:09","01:43:09","--","--"
Gravel/Offroad-Radfahren,2022-11-13 16:00:24,false,"Würzburg Gravel/Offroad-Radfahren","15,51","587","00:56:39","150","182","3,4","0","0","16,4","47,3","348","328","0,00","0,0","0,0","0","--","0","0","0,0","0","0","0,0","0,0","--","0","0","0","--","--","--","--","0:00","18,0","0:00","Nein","01:18.51.3","4","0,0","00:56:26","00:57:34","194","333"
Krafttraining,2022-11-11 17:13:45,false,"Krafttraining B","0,00","504","01:24:57","116","155","1,7","0","0","--","--","--","--","0,00","0,0","0,0","0","--","0","0","0,0","0","0","0,0","0,0","--","0","0","407","31","--","--","--","0:00","24,0","0:00","Nein","01:24:56.98.4","1","0,0","00:34:20","01:25:53","--","--"
Radfahren,2022-11-10 16:08:00,false,"Würzburg Radfahren","4,60","108","00:13:31","121","141","1,0","0","0","20,4","43,0","96","97","0,00","0,0","0,0","0","--","0","0","0,0","0","0","0,0","0,0","--","0","0","0","--","--","--","--","0:00","18,0","0:00","Nein","13:31.44.7","1","0,0","00:13:19","00:13:31","200","259"
Radfahren,2022-11-10 15:13:45,false,"Würzburg Radfahren","4,31","165","00:18:45","125","157","1,9","0","0","13,8","41,1","118","50","0,00","0,0","0,0","0","--","0","0","0,0","0","0","0,0","0,0","--","0","0","0","--","--","--","--","0:00","18,0","0:00","Nein","18:44.76.4","1","0,0","00:16:42","00:18:45","146","216"
Radfahren,2022-11-09 10:05:56,false,"Würzburg Radfahren","4,34","135","00:19:14","115","138","0,9","0","0","13,5","24,6","118","12","0,00","0,0","0,0","0","--","0","0","0,0","0","0","0,0","0,0","--","0","0","0","--","--","--","--","0:00","19,0","0:00","Nein","19:14.11.4","1","0,0","00:15:34","00:19:14","177","203"
Krafttraining,2022-11-09 08:18:22,false,"Krafttraining A","0,00","467","01:05:03","125","156","2,1","0","0","--","--","--","--","0,00","0,0","0,0","0","--","0","0","0,0","0","0","0,0","0,0","--","0","0","309","25","--","--","--","0:00","21,0","0:00","Nein","01:05:02.91.6","1","0,0","00:30:36","01:05:03","--","--"
Radfahren,2022-11-09 07:51:12,false,"Würzburg Radfahren","4,97","148","00:18:08","122","146","1,2","0","0","16,5","37,9","38","55","0,00","0,0","0,0","0","--","0","0","0,0","0","0","0,0","0,0","--","0","0","0","--","--","--","--","0:00","18,0","0:00","Nein","18:07.55.7","1","0,0","00:14:57","00:18:08","158","187"
HIIT,2022-11-07 19:24:52,false,"HIIT","0,00","815","01:43:36","145","191","4,0","0","0","--","--","--","--","0,00","0,0","0,0","0","--","0","0","0,0","0","0","0,0","0,0","--","0","0","13","1","--","--","--","0:00","22,0","0:00","Nein","01:43:35.69.6","1","0,0","01:43:36","01:43:36","--","--"
Gravel/Offroad-Radfahren,2022-11-06 16:10:29,false,"Würzburg Gravel/Offroad-Radfahren","22,28","779","01:17:44","149","185","3,6","0","0","17,2","53,1","394","393","0,00","0,0","0,0","0","--","0","0","0,0","0","0","0,0","0,0","--","0","0","0","--","--","--","--","0:00","22,0","0:00","Nein","05:35.69.9","5","0,0","01:16:44","01:18:00","221","362"
Krafttraining,2022-11-04 18:22:16,false,"Krafttraining B","0,00","416","01:03:55","120","157","1,9","0","0","--","--","--","--","0,00","0,0","0,0","0","--","0","0","0,0","0","0","0,0","0,0","--","0","0","276","23","--","--","--","0:00","21,0","0:00","Nein","01:03:54.97.9","1","0,0","00:34:29","01:11:55","--","--"
Radfahren,2022-11-04 17:49:42,false,"Würzburg Radfahren","5,26","104","00:16:12","112","128","0,6","0","0","19,5","33,6","42","25","0,00","0,0","0,0","0","--","0","0","0,0","0","0","0,0","0,0","--","0","0","0","--","--","--","--","0:00","15,0","0:00","Nein","01:07.36.3","2","0,0","00:15:18","00:22:45","154","194"
Radfahren,2022-11-04 14:50:01,false,"Würzburg Radfahren","4,81","108","00:13:40","120","138","0,8","0","0","21,1","37,2","30","71","0,00","0,0","0,0","0","--","0","0","0,0","0","0","0,0","0,0","--","0","0","0","--","--","--","--","0:00","18,0","0:00","Nein","13:40.21.1","1","0,0","00:13:37","00:13:40","201","248"
Radfahren,2022-11-04 12:10:16,false,"Würzburg Radfahren","4,00","93","00:14:19","110","139","0,6","0","0","16,8","30,0","84","9","0,00","0,0","0,0","0","--","0","0","0,0","0","0","0,0","0,0","--","0","0","0","--","--","--","--","0:00","18,0","0:00","Nein","14:19.03.6","1","0,0","00:13:42","00:14:19","186","267"
Radfahren,2022-11-02 09:44:38,false,"Würzburg Radfahren","4,48","138","00:17:46","120","145","1,0","0","0","15,1","26,7","38","12","0,00","0,0","0,0","0","--","0","0","0,0","0","0","0,0","0,0","--","0","0","0","--","--","--","--","0:00","18,0","0:00","Nein","17:46.38.9","1","0,0","00:15:13","00:17:46","177","204"
Krafttraining,2022-11-02 08:15:03,false,"Krafttraining A","0,00","441","01:06:00","121","152","2,0","0","0","--","--","--","--","0,00","0,0","0,0","0","--","0","0","0,0","0","0","0,0","0,0","--","0","0","281","25","--","--","--","0:00","21,0","0:00","Nein","01:06:00.18.1","1","0,0","00:32:32","01:06:00","--","--"
Radfahren,2022-11-02 07:49:45,false,"Würzburg Radfahren","4,97","112","00:16:06","114","132","0,7","0","0","18,5","103,9","61","46","0,00","0,0","0,0","0","--","0","0","0,0","0","0","0,0","0,0","--","0","0","0","--","--","--","--","0:00","15,0","0:00","Nein","16:05.65.1","1","0,0","00:14:38","00:16:06","187","208"
Radfahren,2022-11-01 21:01:19,false,"Würzburg Radfahren","2,77","75","00:09:39,6","117","139","0,6","0","0","17,2","50,8","68","40","0,00","0,0","0,0","0","--","0","0","0,0","0","0","0,0","0,0","--","0","0","0","--","--","--","--","0:00","19,0","0:00","Nein","09:39.58","1","0,0","00:08:33","00:10:04","188","221"
Bouldern,2022-11-01 19:12:42,false,"Bouldern","--","502","01:21:15","120","170","2,0","0","0","--","--","--","--","0,00","0,0","0,0","0","--","0","0","0,0","0","0","0,0","0,0","--","0","0","0","--","10","29:34","51:41","0:00","25,0","0:00","Nein","01:21:15.22.9","1","0,0","00:00:00","01:21:15","--","--"
Radfahren,2022-11-01 18:50:54,false,"Würzburg Radfahren","2,64","60","00:09:44,3","107","136","0,3","0","0","16,3","44,8","75","14","0,00","0,0","0,0","0","--","0","0","0,0","0","0","0,0","0,0","--","0","0","0","--","--","--","--","0:00","18,0","0:00","Nein","09:44.32","1","0,0","00:09:28","00:09:45,2","181","219"
Gravel/Offroad-Radfahren,2022-10-31 16:58:19,false,"Würzburg Gravel/Offroad-Radfahren","15,47","544","01:00:02","141","174","3,1","0","0","15,5","52,2","342","332","0,00","0,0","0,0","0","--","0","0","0,0","0","0","0,0","0,0","--","0","0","0","--","--","--","--","0:00","19,0","0:00","Nein","01:06.41.8","4","0,0","00:59:23","01:01:55","189","322"
Krafttraining,2022-10-28 17:14:20,false,"Krafttraining B","0,00","437","01:02:22","124","163","2,1","0","0","--","--","--","--","0,00","0,0","0,0","0","--","0","0","0,0","0","0","0,0","0,0","--","0","0","248","22","--","--","--","0:00","27,0","0:00","Nein","01:02:22.10.8","1","0,0","00:33:48","01:02:22","--","--"
Laufen,2022-10-28 11:25:53,false,"Würzburg Laufen","4,02","313","00:22:32","172","188","3,5","157","168","5:36","4:48","40","184","1,13","0,0","0,0","0","--","0","0","0,0","0","0","0,0","0,0","--","0","0","0","--","--","--","--","0:00","22,0","0:00","Nein","22:32.09.8","1","0,0","00:22:22","00:24:05","33","50"
Radfahren,2022-10-27 02:21:11,false,"Würzburg Radfahren","6,20","188","00:22:37","124","148","1,9","0","0","16,5","32,3","47","26","0,00","0,0","0,0","0","--","0","0","0,0","0","0","0,0","0,0","--","0","0","0","--","--","--","--","0:00","15,0","0:00","Nein","04:02.55.4","2","0,0","00:19:50","00:22:37","182","208"
Radfahren,2022-10-26 19:22:01,false,"Würzburg Radfahren","2,99","68","00:10:14","112","127","0,5","0","0","17,6","30,8","42","5","0,00","0,0","0,0","0","--","0","0","0,0","0","0","0,0","0,0","--","0","0","0","--","--","--","--","0:00","18,0","0:00","Nein","00:00.54.6","3","0,0","00:09:08","00:15:22","178","190"
Kajakfahren,2022-10-26 17:28:16,false,"Würzburg Polo","1,94","323","01:08:22","108","149","0,8","0","0","1,7","8,6","30","61","0,00","0,0","0,0","0","--","0","0","0,0","0","0","0,0","0,0","--","0","0","0","--","--","--","--","0:00","22,0","0:00","Nein","01:08:22.20.8","1","0,0","00:21:51","01:08:22","144","177"
Radfahren,2022-10-26 17:02:32,false,"Würzburg Radfahren","2,15","87","00:08:41,5","132","146","1,3","0","0","14,9","22,5","59","13","0,00","0,0","0,0","0","--","0","0","0,0","0","0","0,0","0,0","--","0","0","0","--","--","--","--","0:00","21,0","0:00","Nein","08:41.49.5","1","0,0","00:07:50","00:08:41,5","204","215"
Radfahren,2022-10-24 20:27:06,false,"Würzburg Radfahren","4,49","148","00:22:00","114","135","0,8","0","0","12,3","21,5","46","15","0,00","0,0","0,0","0","--","0","0","0,0","0","0","0,0","0,0","--","0","0","0","--","--","--","--","0:00","20,0","0:00","Nein","22:00.24.1","1","0,0","00:19:51","00:22:00","177","211"
Kajakfahren,2022-10-24 18:09:12,false,"Würzburg Polo","2,07","351","00:42:25","132","169","2,4","0","0","2,9","28,0","59","68","0,00","0,0","0,0","0","--","0","0","0,0","0","0","0,0","0,0","--","0","0","0","--","--","--","--","0:00","19,0","0:00","Nein","42:24.95.8","1","0,0","00:23:00","00:42:25","142","175"
Radfahren,2022-10-24 17:31:24,false,"Würzburg Radfahren","4,95","134","00:18:57","114","152","0,9","0","0","15,7","57,6","29","96","0,00","0,0","0,0","0","--","0","0","0,0","0","0","0,0","0,0","--","0","0","0","--","--","--","--","0:00","21,0","0:00","Nein","18:57.46.5","1","0,0","00:15:28","00:18:57","166","192"
Gravel/Offroad-Radfahren,2022-10-22 17:36:23,false,"Würzburg Gravel/Offroad-Radfahren","15,53","561","00:58:57","145","180","3,3","0","0","15,8","49,5","332","326","0,00","0,0","0,0","0","--","0","0","0,0","0","0","0,0","0,0","--","0","0","0","--","--","--","--","0:00","23,0","0:00","Nein","01:11.03.6","4","0,0","00:58:52","00:59:57","146","277"
Krafttraining,2022-10-21 17:48:03,false,"Krafttraining A","0,00","352","00:56:56","119","170","2,0","0","0","--","--","--","--","0,00","0,0","0,0","0","--","0","0","0,0","0","0","0,0","0,0","--","0","0","203","22","--","--","--","0:00","27,0","0:00","Nein","56:55.78.1","1","0,0","00:30:41","00:56:56","--","--"
Radfahren,2022-10-21 17:19:17,false,"Würzburg Radfahren","5,05","172","00:17:43","132","147","2,0","0","0","17,1","38,7","28","96","0,00","0,0","0,0","0","--","0","0","0,0","0","0","0,0","0,0","--","0","0","0","--","--","--","--","0:00","20,0","0:00","Nein","00:18.79.4","2","0,0","00:15:38","00:17:43","142","202"
Radfahren,2022-10-19 20:19:20,false,"Würzburg Radfahren","4,52","113","00:17:37","111","128","0,6","0","0","15,4","28,7","42","12","0,00","0,0","0,0","0","--","0","0","0,0","0","0","0,0","0,0","--","0","0","0","--","--","--","--","0:00","15,0","0:00","Nein","17:37.14.9","1","0,0","00:15:08","00:17:37","177","201"
Kajakfahren,2022-10-19 17:52:29,false,"Würzburg Polo","2,40","493","01:14:28","124","171","2,5","0","0","1,9","10,5","42","43","0,00","0,0","0,0","0","--","0","0","0,0","0","0","0,0","0,0","--","0","0","0","--","--","--","--","0:00","19,0","0:00","Nein","01:14:27.85.6","1","0,0","00:24:14","01:14:28","146","173"
Radfahren,2022-10-19 17:18:58,false,"Würzburg Radfahren","4,98","86","00:16:04","103","124","0,4","0","0","18,6","40,8","35","34","0,00","0,0","0,0","0","--","0","0","0,0","0","0","0,0","0,0","--","0","0","0","--","--","--","--","0:00","18,0","0:00","Nein","16:04.26.8","1","0,0","00:14:04","00:16:04","185","201"
Radfahren,2022-10-17 22:16:24,false,"Würzburg Radfahren","4,78","231","00:45:17","104","151","0,8","0","0","6,3","24,3","45","24","0,00","0,0","0,0","0","--","0","0","0,0","0","0","0,0","0,0","--","0","0","0","--","--","--","--","0:00","19,0","0:00","Nein","45:17.34.5","1","0,0","00:20:40","00:45:19","178","205"
Kajakfahren,2022-10-17 17:51:46,false,"Würzburg Polo","2,42","365","01:05:36","114","172","2,3","0","0","2,2","15,1","50","83","0,00","0,0","0,0","0","--","0","0","0,0","0","0","0,0","0,0","--","0","0","0","--","--","--","--","0:00","17,0","0:00","Nein","01:05:36.04.1","1","0,0","00:25:57","01:05:36","133","173"
Radfahren,2022-10-17 17:12:03,false,"Würzburg Radfahren","4,77","117","00:18:19","110","132","0,7","0","0","15,6","37,1","19","32","0,00","0,0","0,0","0","--","0","0","0,0","0","0","0,0","0,0","--","0","0","0","--","--","--","--","0:00","24,0","0:00","Nein","18:19.22.2","1","0,0","00:16:39","00:18:19","179","197"
Radfahren,2022-10-15 15:57:55,false,"Würzburg Radfahren","2,75","55","00:09:09,8","106","125","0,3","0","0","18,0","50,2","42","37","0,00","0,0","0,0","0","--","0","0","0,0","0","0","0,0","0,0","--","0","0","0","--","--","--","--","0:00","23,0","0:00","Nein","09:09.80.9","1","0,0","00:08:37","00:09:09,8","190","221"
Bouldern,2022-10-15 13:37:29,false,"Bouldern","--","530","01:56:00","109","177","2,0","0","0","--","--","--","--","0,00","0,0","0,0","0","--","0","0","0,0","0","0","0,0","0,0","--","0","0","0","--","12","10:29","1:45:31","0:00","29,0","0:00","Nein","01:55:59.92.2","1","0,0","00:00:00","01:56:00","--","--"
Radfahren,2022-10-15 12:49:49,false,"Würzburg Radfahren","2,69","116","00:09:39,7","150","180","2,3","0","0","16,7","32,1","44","68","0,00","0,0","0,0","0","--","0","0","0,0","0","0","0,0","0,0","--","0","0","0","--","--","--","--","0:00","24,0","0:00","Nein","09:39.68.7","1","0,0","00:08:52","00:09:39,7","187","225"
Radfahren,2022-10-14 18:25:38,false,"Würzburg Radfahren","4,44","182","00:18:30","133","165","2,1","0","0","14,4","28,5","44","36","0,00","0,0","0,0","0","--","0","0","0,0","0","0","0,0","0,0","--","0","0","0","--","--","--","--","0:00","24,0","0:00","Nein","18:30.18.9","1","0,0","00:15:29","00:18:30","176","194"
Krafttraining,2022-10-14 16:20:53,false,"Krafttrai​ning","0,00","625","01:57:39","112","143","1,2","0","0","--","--","--","--","0,00","0,0","0,0","0","--","0","0","0,0","0","0","0,0","0,0","--","0","0","26","5","--","--","--","0:00","27,0","0:00","Nein","01:57:38.50.4","1","0,0","00:49:34","01:57:39","--","--"
Radfahren,2022-10-14 15:47:01,false,"Würzburg Radfahren","4,97","156","00:18:00","127","150","1,6","0","0","16,6","38,1","25","176","0,00","0,0","0,0","0","--","0","0","0,0","0","0","0,0","0,0","--","0","0","0","--","--","--","--","0:00","22,0","0:00","Nein","17:59.92","1","0,0","00:15:30","00:18:00","177","201"
Radfahren,2022-10-12 20:39:57,false,"Würzburg Radfahren","4,74","168","00:26:16","111","137","0,8","0","0","10,8","23,1","42","15","0,00","0,0","0,0","0","--","0","0","0,0","0","0","0,0","0,0","--","0","0","0","--","--","--","--","0:00","18,0","0:00","Nein","26:15.82.2","1","0,0","00:21:06","00:26:16","178","205"
Kajakfahren,2022-10-12 18:05:11,false,"Würzburg Polo","1,72","400","01:02:56","118","176","2,2","0","0","1,6","8,7","65","66","0,00","0,0","0,0","0","--","0","0","0,0","0","0","0,0","0,0","--","0","0","0","--","--","--","--","0:00","19,0","0:00","Nein","01:02:56.03.4","1","0,0","00:20:03","01:02:56","148","177"
Radfahren,2022-10-12 17:16:57,false,"Würzburg Radfahren","5,01","112","00:18:38","109","122","0,4","0","0","16,1","31,3","24","33","0,00","0,0","0,0","0","--","0","0","0,0","0","0","0,0","0,0","--","0","0","0","--","--","--","--","0:00","20,0","0:00","Nein","00:10.03.6","2","0,0","00:16:38","00:18:38","180","201"
Laufen,2022-10-11 20:12:02,false,"Würzburg Laufen","4,08","324","00:24:54","162","184","3,1","154","168","6:06","4:47","43","42","1,06","0,0","0,0","0","--","0","0","0,0","0","0","0,0","0,0","--","0","0","0","--","--","--","--","0:00","20,0","0:00","Nein","24:53.71.8","1","0,0","00:24:47","00:27:19","166","200"
Radfahren,2022-10-10 21:00:28,false,"Würzburg Radfahren","5,00","140","00:23:06","109","125","0,6","0","0","13,0","27,9","71","18","0,00","0,0","0,0","0","--","0","0","0,0","0","0","0,0","0,0","--","0","0","0","--","--","--","--","0:00","18,0","0:00","Nein","00:02.83.9","2","0,0","00:20:21","00:23:06","176","232"
Kajakfahren,2022-10-10 17:59:01,false,"Würzburg Polo","2,76","602","01:11:09","133","180","3,0","0","0","2,3","83,6","51","44","0,00","0,0","0,0","0","--","0","0","0,0","0","0","0,0","0,0","--","0","0","0","--","--","--","--","0:00","18,0","0:00","Nein","01:11:09.46","1","0,0","00:25:16","01:11:09","149","178"
Radfahren,2022-10-10 17:20:17,false,"Würzburg Radfahren","4,95","119","00:14:14","122","144","0,9","0","0","20,9","38,0","21","70","0,00","0,0","0,0","0","--","0","0","0,0","0","0","0,0","0,0","--","0","0","0","--","--","--","--","0:00","21,0","0:00","Nein","14:14.20.3","1","0,0","00:13:35","00:14:14","179","201"
Radfahren,2022-10-09 14:14:42,false,"Kitzingen Radfahren","2,89","77","00:12:36","108","121","0,4","0","0","13,8","21,2","28","10","0,00","0,0","0,0","0","--","0","0","0,0","0","0","0,0","0,0","--","0","0","0","--","--","--","--","0:00","22,0","0:00","Nein","12:36.14.5","1","0,0","00:12:20","00:12:36","181","201"
Radfahren,2022-10-09 11:41:56,false,"Kitzingen Radfahren","7,17","277","00:30:30","131","148","2,0","0","0","14,1","29,2","50","47","0,00","0,0","0,0","0","--","0","0","0,0","0","0","0,0","0,0","--","0","0","0","--","--","--","--","0:00","16,0","0:00","Nein","10:34.98.7","2","0,0","00:28:42","00:44:36","174","219"
Laufen,2022-10-08 20:25:53,false,"Würzburg Laufen","4,84","372","00:29:43","154","171","3,1","155","165","6:08","4:42","49","49","1,04","9,9","10,4","287","49,8 % Links / 50,2 % Rechts","0","0","0,0","0","0","0,0","0,0","--","0","0","0","--","--","--","--","0:00","18,0","0:00","Nein","29:43.47.5","1","0,0","00:29:32","00:33:11","167","205"
Radfahren,2022-10-08 16:35:54,false,"Würzburg Radfahren","3,43","118","00:19:09","110","139","0,5","0","0","10,7","26,9","36","34","0,00","0,0","0,0","0","--","0","0","0,0","0","0","0,0","0,0","--","0","0","0","--","--","--","--","0:00","21,0","0:00","Nein","19:09.22.9","1","0,0","00:14:31","00:19:09","173","199"
Radfahren,2022-10-08 08:07:48,false,"Würzburg Radfahren","3,66","121","00:10:55","141","172","2,1","0","0","20,1","47,0","20","130","0,00","0,0","0,0","0","--","0","0","0,0","0","0","0,0","0,0","--","0","0","0","--","--","--","--","0:00","17,0","0:00","Nein","10:54.95.3","1","0,0","00:09:23","00:10:55","188","203"
Radfahren,2022-10-06 20:13:21,false,"Würzburg Radfahren","4,11","113","00:17:16","112","128","0,5","0","0","14,3","32,6","214","13","0,00","0,0","0,0","0","--","0","0","0,0","0","0","0,0","0,0","--","0","0","0","--","--","--","--","0:00","16,0","0:00","Nein","17:16.11.9","1","0,0","00:15:33","00:17:16","219","240"
Kajakfahren,2022-10-06 18:35:22,false,"Würzburg Spiel","3,22","372","01:05:20","114","166","1,6","0","0","3,0","23,7","46","184","0,00","0,0","0,0","0","--","0","0","0,0","0","0","0,0","0,0","--","0","0","0","--","--","--","--","0:00","16,0","0:00","Nein","01:05:20.24.7","1","0,0","00:41:33","01:05:20","35","173"
Radfahren,2022-10-06 18:05:30,false,"Würzburg Cycling","5,01","83","00:15:49","110","151","0,3","0","0","19,0","36,3","34","35","0,00","0,0","0,0","0","--","0","0","0,0","0","0","0,0","0,0","--","0","0","0","--","--","--","--","0:00","19,0","0:00","Nein","00:02.44.1","2","0,0","00:14:17","00:15:49","186","201"
Radfahren,2022-10-05 22:26:39,false,"Würzburg Cycling","4,73","136","00:23:10","106","138","0,6","0","0","12,3","24,3","48","18","0,00","0,0","0,0","0","--","0","0","0,0","0","0","0,0","0,0","--","0","0","0","--","--","--","--","0:00","21,0","0:00","Nein","23:10.31.4","1","0,0","00:20:24","00:23:10","178","208"
Kajakfahren,2022-10-05 17:56:33,false,"Würzburg Polo","3,05","466","01:21:04","112","167","2,0","0","0","2,3","10,1","107","132","0,00","0,0","0,0","0","--","0","0","0,0","0","0","0,0","0,0","--","0","0","0","--","--","--","--","0:00","16,0","0:00","Nein","01:21:03.97.7","1","0,0","00:29:57","01:21:04","130","172"
Radfahren,2022-10-05 17:17:54,false,"Würzburg Cycling","4,97","166","00:16:01","136","159","2,0","0","0","18,6","38,7","27","115","0,00","0,0","0,0","0","--","0","0","0,0","0","0","0,0","0,0","--","0","0","0","--","--","--","--","0:00","24,0","0:00","Nein","16:00.59.9","1","0,0","00:14:42","00:16:01","177","201"
Mountainbiken,2022-10-04 18:03:00,false,"Würzburg Mountain Biking","15,46","514","01:08:58","130","172","2,5","0","0","13,4","53,1","277","240","0,00","0,0","0,0","0","--","0","0","0,0","0","0","24,8","2,3","--","0","0","0","--","--","--","--","0:00","22,0","0:00","Nein","01:08:57.59.2","1","0,0","01:08:06","01:17:46","178","320"
Kajakfahren,2022-10-03 13:15:32,false,"Steeg Ww","10,94","767","01:11:25","99","112","0,3","0","0","9,2","19,4","38","162","0,00","0,0","0,0","0","--","0","0","0,0","0","0","0,0","0,0","--","0","0","0","--","--","--","--","0:00","14,0","0:00","Nein","01:11:25.40.2","1","0,0","00:51:21","01:11:25","1.027","1.134"
Kajakfahren,2022-10-02 14:31:03,false,"Oetz Ww","12,83","1.075","01:54:07","0","0","1,4","0","0","6,7","19,3","169","265","0,00","0,0","0,0","0","--","0","0","0,0","0","0","0,0","0,0","--","0","0","0","--","--","--","--","0:00","15,0","0:00","Nein","01:54:06.99.2","1","0,0","01:22:41","01:54:07","669","786"
Kajakfahren,2022-10-02 10:56:45,false,"Arzl im Pitztal Ww","14,08","1.175","02:09:17","0","0","1,7","0","0","6,5","76,2","66","196","0,00","0,0","0,0","0","--","0","0","0,0","0","0","0,0","0,0","--","0","0","0","--","--","--","--","0:00","14,0","0:00","Nein","02:09:16.72.7","1","0,0","01:26:13","02:09:17","651","723"
Kajakfahren,2022-10-01 16:28:40,false,"Oetz Ww","12,71","1.023","01:39:05","0","0","0,1","0","0","7,7","15,9","170","249","0,00","0,0","0,0","0","--","0","0","0,0","0","0","0,0","0,0","--","0","0","0","--","--","--","--","0:00","13,0","0:00","Nein","01:39:05.29.1","1","0,0","01:30:01","01:39:05","661","785"
Kajakfahren,2022-10-01 11:54:53,false,"Arzl im Pitztal Ww","14,54","1.090","02:50:11","0","0","0,1","0","0","5,1","17,6","169","204","0,00","0,0","0,0","0","--","0","0","0,0","0","0","0,0","0,0","--","0","0","0","--","--","--","--","0:00","13,0","0:00","Nein","02:50:11.40.9","1","0,0","01:49:23","02:50:11","634","723"
Radfahren,2022-09-29 17:07:09,false,"Würzburg Cycling","4,80","74","00:14:11","101","122","0,2","0","0","20,3","43,6","36","74","0,00","0,0","0,0","0","--","0","0","0,0","0","0","0,0","0,0","--","0","0","0","--","--","--","--","0:00","17,0","0:00","Nein","14:10.63.8","1","0,0","00:14:04","00:14:11","188","248"
Radfahren,2022-09-29 06:32:30,false,"Würzburg Cycling","4,36","173","00:18:25","129","155","1,9","0","0","14,2","26,2","119","15","0,00","0,0","0,0","0","--","0","0","0,0","0","0","0,0","0,0","--","0","0","0","--","--","--","--","0:00","18,0","0:00","Nein","18:24.58.8","1","0,0","00:18:14","00:18:25","187","263"
Radfahren,2022-09-28 21:09:03,false,"Würzburg Cycling","4,67","134","00:33:15","93","123","0,3","0","0","8,4","25,2","102","18","0,00","0,0","0,0","0","--","0","0","0,0","0","0","0,0","0,0","--","0","0","0","--","--","--","--","0:00","15,0","0:00","Nein","33:15.39.6","1","0,0","00:19:03","00:33:16","178","238"
Kajakfahren,2022-09-28 17:58:39,false,"Würzburg Polo","1,37","525","01:30:43","116","165","1,4","0","0","0,9","109,0","2","30","0,00","0,0","0,0","0","--","0","0","0,0","0","0","0,0","0,0","--","0","0","0","--","--","--","--","0:00","9,0","0:00","Nein","01:30:43.01.9","1","0,0","00:12:28","01:30:43","149","173"
Radfahren,2022-09-28 17:22:45,false,"Würzburg Cycling","4,74","121","00:17:28","114","134","0,5","0","0","16,3","37,8","37","35","0,00","0,0","0,0","0","--","0","0","0,0","0","0","0,0","0,0","--","0","0","0","--","--","--","--","0:00","18,0","0:00","Nein","17:27.93.2","1","0,0","00:15:26","00:17:28","184","198"
Radfahren,2022-09-28 16:08:25,false,"Würzburg Cycling","4,87","96","00:15:48","107","127","0,4","0","0","18,5","36,3","40","75","0,00","0,0","0,0","0","--","0","0","0,0","0","0","0,0","0,0","--","0","0","0","--","--","--","--","0:00","20,0","0:00","Nein","15:48.20.8","1","0,0","00:14:20","00:15:48","188","247"
Radfahren,2022-09-28 06:25:07,false,"Würzburg Cycling","4,25","152","00:17:48","123","152","1,4","0","0","14,3","26,0","71","50","0,00","0,0","0,0","0","--","0","0","0,0","0","0","0,0","0,0","--","0","0","0","--","--","--","--","0:00","18,0","0:00","Nein","17:48.32.6","1","0,0","00:17:25","00:17:48","189","258"
Radfahren,2022-09-27 17:15:16,false,"Würzburg Cycling","4,83","80","00:14:57","102","122","0,3","0","0","19,4","43,2","23","130","0,00","0,0","0,0","0","--","0","0","0,0","0","0","0,0","0,0","--","0","0","0","--","--","--","--","0:00","18,0","0:00","Nein","14:56.96.8","1","0,0","00:14:51","00:14:57","195","248"
Radfahren,2022-09-27 06:28:47,false,"Würzburg Cycling","4,77","178","00:20:35","125","145","1,4","0","0","13,9","76,4","73","24","0,00","0,0","0,0","0","--","0","0","0,0","0","0","0,0","0,0","--","0","0","0","--","--","--","--","0:00","19,0","0:00","Nein","20:35.28.1","1","0,0","00:17:26","00:20:35","269","329"
Radfahren,2022-09-26 17:08:28,false,"Würzburg Cycling","4,78","111","00:14:42","116","137","0,7","0","0","19,5","38,6","28","77","0,00","0,0","0,0","0","--","0","0","0,0","0","0","0,0","0,0","--","0","0","0","--","--","--","--","0:00","20,0","0:00","Nein","14:42.18.4","1","0,0","00:14:12","00:14:42","188","248"
Radfahren,2022-09-26 06:27:51,false,"Würzburg Cycling","4,38","169","00:21:49","120","135","0,9","0","0","12,0","39,6","84","91","0,00","0,0","0,0","0","--","0","0","0,0","0","0","0,0","0,0","--","0","0","0","--","--","--","--","0:00","16,0","0:00","Nein","21:48.95.8","1","0,0","00:17:51","00:21:49","190","257"
Radfahren,2022-09-19 16:37:59,false,"Würzburg Cycling","4,79","102","00:15:08","112","130","0,5","0","0","19,0","38,6","65","76","0,00","0,0","0,0","0","--","0","0","0,0","0","0","0,0","0,0","--","0","0","0","--","--","--","--","0:00","19,0","0:00","Nein","15:07.71.8","1","0,0","00:14:30","00:15:08","191","250"
Radfahren,2022-09-19 06:23:10,false,"Würzburg Cycling","4,30","160","00:19:45","122","141","1,1","0","0","13,1","40,1","86","27","0,00","0,0","0,0","0","--","0","0","0,0","0","0","0,0","0,0","--","0","0","0","--","--","--","--","0:00","18,0","0:00","Nein","19:44.72.3","1","0,0","00:17:09","00:22:01","174","244"
Kajakfahren,2022-09-18 14:06:46,false,"Marburg Polo","0,01","440","00:43:18","151","189","3,1","0","0","0,0","2,7","--","--","0,00","0,0","0,0","0","--","0","0","0,0","0","0","0,0","0,0","--","0","0","0","--","--","--","--","0:00","12,0","0:00","Nein","43:18.14.4","1","0,0","00:00:00","00:43:18","204","224"
Kajakfahren,2022-09-18 10:55:56,false,"Marburg Polo","0,08","623","01:38:50","130","187","3,1","0","0","0,1","42,8","5","2","0,00","0,0","0,0","0","--","0","0","0,0","0","0","0,0","0,0","--","0","0","0","--","--","--","--","0:00","15,0","0:00","Nein","01:38:49.62.4","1","0,0","00:00:57","01:45:05","222","228"
Kajakfahren,2022-09-17 17:20:23,false,"Marburg Polo","0,03","463","00:46:20","147","180","3,0","0","0","0,0","204,3","--","7","0,00","0,0","0,0","0","--","0","0","0,0","0","0","0,0","0,0","--","0","0","0","--","--","--","--","0:00","13,0","0:00","Nein","46:19.50.9","1","0,0","00:00:15","00:46:20","199","223"
Kajakfahren,2022-09-17 15:03:20,false,"Marburg Polo","0,03","478","00:49:25","142","184","2,8","0","0","0,0","13,9","2","--","0,00","0,0","0,0","0","--","0","0","0,0","0","0","0,0","0,0","--","0","0","0","--","--","--","--","0:00","17,0","0:00","Nein","49:24.68.5","1","0,0","00:00:04","00:49:25","222","236"
Kajakfahren,2022-09-17 12:51:36,false,"Marburg Polo","0,02","505","00:44:23","158","196","3,5","0","0","0,0","40,3","--","24","0,00","0,0","0,0","0","--","0","0","0,0","0","0","0,0","0,0","--","0","0","0","--","--","--","--","0:00","13,0","0:00","Nein","44:22.82.5","1","0,0","00:00:10","00:44:23","206","227"
Kajakfahren,2022-09-17 11:19:13,false,"Marburg Polo","0,04","396","00:32:56","161","189","3,3","0","0","0,1","47,4","--","--","0,00","0,0","0,0","0","--","0","0","0,0","0","0","0,0","0,0","--","0","0","0","--","--","--","--","0:00","13,0","0:00","Nein","32:56.23.5","1","0,0","00:00:02","00:32:56","217","222"
Kajakfahren,2022-09-17 09:51:00,false,"Marburg Polo","0,10","456","00:51:40","140","182","3,0","0","0","0,1","9,6","58","--","0,00","0,0","0,0","0","--","0","0","0,0","0","0","0,0","0,0","--","0","0","0","--","--","--","--","0:00","13,0","0:00","Nein","51:39.60.5","1","0,0","00:00:30","00:51:40","225","234"
Radfahren,2022-09-16 13:09:24,false,"Würzburg Cycling","4,78","93","00:15:22","107","127","0,4","0","0","18,7","37,0","53","88","0,00","0,0","0,0","0","--","0","0","0,0","0","0","0,0","0,0","--","0","0","0","--","--","--","--","0:00","22,0","0:00","Nein","15:22.05.2","1","0,0","00:14:02","00:15:22","187","248"
Radfahren,2022-09-16 06:23:03,false,"Würzburg Cycling","4,39","165","00:19:01","124","151","1,5","0","0","13,8","40,1","88","20","0,00","0,0","0,0","0","--","0","0","0,0","0","0","0,0","0,0","--","0","0","0","--","--","--","--","0:00","21,0","0:00","Nein","19:01.28.6","1","0,0","00:16:08","00:19:02","181","249"
Radfahren,2022-09-15 16:05:55,false,"Würzburg Cycling","4,78","85","00:14:19","107","125","0,3","0","0","20,0","37,1","31","80","0,00","0,0","0,0","0","--","0","0","0,0","0","0","0,0","0,0","--","0","0","0","--","--","--","--","0:00","22,0","0:00","Nein","14:18.76.8","1","0,0","00:13:43","00:14:19","190","251"
Radfahren,2022-09-15 06:23:50,false,"Würzburg Cycling","4,30","161","00:17:22","128","149","1,8","0","0","14,9","25,7","58","76","0,00","0,0","0,0","0","--","0","0","0,0","0","0","0,0","0,0","--","0","0","0","--","--","--","--","0:00","22,0","0:00","Nein","17:22.36.4","1","0,0","00:17:07","00:17:22","188","242"
Radfahren,2022-09-14 20:54:00,false,"Würzburg Cycling","4,41","86","00:19:54","85","199","0,7","0","0","13,3","24,2","91","12","0,00","0,0","0,0","0","--","0","0","0,0","0","0","0,0","0,0","--","0","0","0","--","--","--","--","0:00","23,0","0:00","Nein","19:54.31.2","1","0,0","00:17:08","00:19:54","178","197"
Kajakfahren,2022-09-14 18:24:48,false,"Würzburg Polo","3,29","326","01:34:15","93","153","0,4","0","0","2,1","56,0","121","174","0,00","0,0","0,0","0","--","0","0","0,0","0","0","0,0","0,0","--","0","0","0","--","--","--","--","0:00","21,0","0:00","Nein","01:34:15.38.2","1","0,0","00:31:11","01:34:15","113","173"
Radfahren,2022-09-14 17:21:47,false,"Würzburg Cycling","8,51","187","00:32:41","107","135","0,7","0","0","15,6","37,6","76","144","0,00","0,0","0,0","0","--","0","0","0,0","0","0","0,0","0,0","--","0","0","0","--","--","--","--","0:00","23,0","0:00","Nein","13:26.12.2","2","0,0","00:29:00","00:32:41","178","285"
Radfahren,2022-09-14 06:28:42,false,"Würzburg Cycling","4,28","148","00:17:32","122","146","1,3","0","0","14,6","39,3","68","92","0,00","0,0","0,0","0","--","0","0","0,0","0","0","0,0","0,0","--","0","0","0","--","--","--","--","0:00","21,0","0:00","Nein","17:32.48.7","1","0,0","00:16:42","00:17:32","188","252"
Radfahren,2022-09-13 17:19:40,false,"Würzburg Cycling","4,78","70","00:13:25","100","124","0,2","0","0","21,3","44,6","40","80","0,00","0,0","0,0","0","--","0","0","0,0","0","0","0,0","0,0","--","0","0","0","--","--","--","--","0:00","26,0","0:00","Nein","13:25.37.5","1","0,0","00:12:50","00:13:25","186","248"
Radfahren,2022-09-13 06:22:07,false,"Würzburg Cycling","4,38","175","00:22:54","119","148","1,1","0","0","11,5","34,1","91","84","0,00","0,0","0,0","0","--","0","0","0,0","0","0","0,0","0,0","--","0","0","0","--","--","--","--","0:00","17,0","0:00","Nein","22:54.17.8","1","0,0","00:17:21","00:22:54","193","261"
Kajakfahren,2022-09-12 18:14:48,false,"Würzburg Polo","3,29","488","01:44:00","105","167","1,2","0","0","1,9","24,9","193","164","0,00","0,0","0,0","0","--","0","0","0,0","0","0","0,0","0,0","--","0","0","0","--","--","--","--","0:00","21,0","0:00","Nein","01:44:00.41.4","1","0,0","00:28:34","01:44:00","140","216"
Radfahren,2022-09-12 17:20:08,false,"Würzburg Cycling","8,56","188","00:27:37","116","153","1,4","0","0","18,6","49,6","92","147","0,00","0,0","0,0","0","--","0","0","0,0","0","0","0,0","0,0","--","0","0","0","--","--","--","--","0:00","26,0","0:00","Nein","10:30.74.7","2","0,0","00:25:30","00:27:37","174","281"
Radfahren,2022-09-12 06:22:34,false,"Würzburg Cycling","4,37","194","00:19:14","133","158","2,1","0","0","13,6","31,7","260","24","0,00","0,0","0,0","0","--","0","0","0,0","0","0","0,0","0,0","--","0","0","0","--","--","--","--","0:00","17,0","0:00","Nein","19:14.48.9","1","0,0","00:16:36","00:19:14","192","260"
Laufen,2022-09-10 15:45:13,false,"Würzburg Running","4,79","363","00:27:40","164","179","3,3","154","168","5:46","4:24","56","53","1,10","8,8","9,8","267","50,3 % Links / 49,7 % Rechts","0","0","0,0","0","0","0,0","0,0","--","0","0","0","--","--","--","--","0:00","25,0","0:00","Nein","27:40.07.4","1","0,0","00:27:20","00:31:03","25","45"
Radfahren,2022-09-09 13:08:04,false,"Würzburg Radfahren","4,81","72","00:13:47","101","119","0,3","0","0","20,9","39,9","69","66","0,00","0,0","0,0","0","--","0","0","0,0","0","0","0,0","0,0","--","0","0","0","--","--","--","--","0:00","22,0","0:00","Nein","13:47.15.5","1","0,0","00:13:38","00:13:47","199","252"
Radfahren,2022-09-09 06:31:25,false,"Würzburg Radfahren","4,31","137","00:16:07","123","145","1,3","0","0","16,1","29,7","79","85","0,00","0,0","0,0","0","--","0","0","0,0","0","0","0,0","0,0","--","0","0","0","--","--","--","--","0:00","21,0","0:00","Nein","16:06.75.4","1","0,0","00:15:44","00:16:07","182","256"
Radfahren,2022-09-08 17:20:17,false,"Würzburg Radfahren","4,84","89","00:15:03","105","129","0,4","0","0","19,3","39,3","69","77","0,00","0,0","0,0","0","--","0","0","0,0","0","0","0,0","0,0","--","0","0","0","--","--","--","--","0:00","26,0","0:00","Nein","15:03.38.8","1","0,0","00:14:43","00:15:03","199","254"
Radfahren,2022-09-08 06:27:33,false,"Würzburg Radfahren","4,26","154","00:17:08","126","149","1,6","0","0","14,9","28,6","69","50","0,00","0,0","0,0","0","--","0","0","0,0","0","0","0,0","0,0","--","0","0","0","--","--","--","--","0:00","23,0","0:00","Nein","17:07.94.7","1","0,0","00:16:34","00:17:08","189","255"
Radfahren,2022-09-07 21:42:06,false,"Würzburg Radfahren","4,83","72","00:27:45","97","216","0,1","0","0","10,4","25,8","66","35","0,00","0,0","0,0","0","--","0","0","0,0","0","0","0,0","0,0","--","0","0","0","--","--","--","--","0:00","26,0","0:00","Nein","27:45.02.2","1","0,0","00:21:03","00:27:45","178","214"
Kajakfahren,2022-09-07 18:25:56,false,"Würzburg Polo","3,45","399","01:31:24","100","161","1,2","0","0","2,3","9,4","169","192","0,00","0,0","0,0","0","--","0","0","0,0","0","0","0,0","0,0","--","0","0","0","--","--","--","--","0:00","23,0","0:00","Nein","01:31:24.20.9","1","0,0","00:33:06","01:31:24","135","172"
Radfahren,2022-09-07 17:37:20,false,"Würzburg Radfahren","8,51","191","00:28:37","114","152","1,4","0","0","17,8","37,0","84","161","0,00","0,0","0,0","0","--","0","0","0,0","0","0","0,0","0,0","--","0","0","0","--","--","--","--","0:00","30,0","0:00","Nein","11:13.42.7","2","0,0","00:27:12","00:28:37","175","281"
Radfahren,2022-09-07 06:30:46,false,"Würzburg Radfahren","4,23","151","00:16:42","127","154","1,7","0","0","15,2","29,6","78","50","0,00","0,0","0,0","0","--","0","0","0,0","0","0","0,0","0,0","--","0","0","0","--","--","--","--","0:00","23,0","0:00","Nein","16:41.93.1","1","0,0","00:16:33","00:16:42","189","264"
Radfahren,2022-09-06 17:36:56,false,"Würzburg Radfahren","4,36","78","00:17:12","95","120","0,2","0","0","15,2","31,6","38","136","0,00","0,0","0,0","0","--","0","0","0,0","0","0","0,0","0,0","--","0","0","0","--","--","--","--","0:00","33,0","0:00","Nein","17:12.34","1","0,0","00:15:13","00:17:12","180","255"
Radfahren,2022-09-06 06:28:44,false,"Würzburg Radfahren","4,30","174","00:23:54","118","151","1,5","0","0","10,8","32,0","91","40","0,00","0,0","0,0","0","--","0","0","0,0","0","0","0,0","0,0","--","0","0","0","--","--","--","--","0:00","23,0","0:00","Nein","23:54.06.4","1","0,0","00:16:13","00:23:54","211","283"
Radfahren,2022-09-05 21:44:19,false,"Würzburg Radfahren","4,55","52","00:13:52","107","149","0,1","0","0","19,7","31,5","35","13","0,00","0,0","0,0","0","--","0","0","0,0","0","0","0,0","0,0","--","0","0","0","--","--","--","--","0:00","25,0","0:00","Nein","13:52.19.5","1","0,0","00:13:00","00:13:52","178","202"
Kajakfahren,2022-09-05 18:36:13,false,"Würzburg Polo","2,92","364","01:13:18","107","152","0,8","0","0","2,4","60,6","155","131","0,00","0,0","0,0","0","--","0","0","0,0","0","0","0,0","0,0","--","0","0","0","--","--","--","--","0:00","23,0","0:00","Nein","01:13:18.04.4","1","0,0","00:27:05","01:13:18","135","192"
Radfahren,2022-09-05 17:49:06,false,"Würzburg Radfahren","4,98","145","00:15:35","129","163","2,0","0","0","19,2","38,2","29","56","0,00","0,0","0,0","0","--","0","0","0,0","0","0","0,0","0,0","--","0","0","0","--","--","--","--","0:00","30,0","0:00","Nein","15:34.86.2","1","0,0","00:13:09","00:15:35","174","200"
Radfahren,2022-09-05 15:58:30,false,"Würzburg Radfahren","3,07","54","00:11:07","97","116","0,2","0","0","16,6","33,2","23","33","0,00","0,0","0,0","0","--","0","0","0,0","0","0","0,0","0,0","--","0","0","0","--","--","--","--","0:00","31,0","0:00","Nein","11:06.54.1","1","0,0","00:10:11","00:11:07","189","210"
Radfahren,2022-09-05 15:36:18,false,"Würzburg Radfahren","1,56","26","00:05:04,3","98","121","0,1","0","0","18,4","52,0","18","49","0,00","0,0","0,0","0","--","0","0","0,0","0","0","0,0","0,0","--","0","0","0","--","--","--","--","0:00","31,0","0:00","Nein","05:04.28.6","1","0,0","00:04:34","00:05:04,3","206","255"
Radfahren,2022-09-05 06:21:17,false,"Würzburg Radfahren","4,37","152","00:19:15","120","148","1,3","0","0","13,6","34,1","90","91","0,00","0,0","0,0","0","--","0","0","0,0","0","0","0,0","0,0","--","0","0","0","--","--","--","--","0:00","20,0","0:00","Nein","19:14.80.3","1","0,0","00:17:13","00:21:01","191","265"
Kajakfahren,2022-09-04 14:21:14,false,"Würzburg Polo","0,01","421","00:39:36","150","190","3,1","0","0","0,0","8,0","12","--","0,00","0,0","0,0","0","--","0","0","0,0","0","0","0,0","0,0","--","0","0","0","--","--","--","--","0:00","30,0","0:00","Nein","39:35.60.7","1","0,0","00:00:09","00:39:36","171","176"
Kajakfahren,2022-09-04 11:55:35,false,"Würzburg Polo","0,01","317","00:27:01","155","185","3,0","0","0","0,0","--","--","--","0,00","0,0","0,0","0","--","0","0","0,0","0","0","0,0","0,0","--","0","0","0","--","--","--","--","0:00","28,0","0:00","Nein","27:01.04","1","0,0","00:00:00","00:27:01","119","175"
Kajakfahren,2022-09-04 10:31:18,false,"Würzburg Polo","0,00","382","00:39:03","144","184","2,9","0","0","0,0","0,8","--","--","0,00","0,0","0,0","0","--","0","0","0,0","0","0","0,0","0,0","--","0","0","0","--","--","--","--","0:00","20,0","0:00","Nein","39:02.74.7","1","0,0","00:00:00","00:39:03","168","178"
Kajakfahren,2022-09-03 17:32:53,false,"Würzburg Polo","0,02","397","00:36:40","155","188","3,3","0","0","0,0","18,9","14","--","0,00","0,0","0,0","0","--","0","0","0,0","0","0","0,0","0,0","--","0","0","0","--","--","--","--","0:00","27,0","0:00","Nein","36:39.67.9","1","0,0","00:00:03","00:36:40","172","214"
Kajakfahren,2022-09-03 16:20:08,false,"Würzburg Polo","0,01","297","00:26:19","157","192","3,1","0","0","0,0","--","--","--","0,00","0,0","0,0","0","--","0","0","0,0","0","0","0,0","0,0","--","0","0","0","--","--","--","--","0:00","23,0","0:00","Nein","26:18.92.2","1","0,0","00:00:00","00:26:19","148","174"
Kajakfahren,2022-09-03 14:25:29,false,"Würzburg Polo","0,01","335","00:32:59","144","180","2,7","0","0","0,0","4,3","4","--","0,00","0,0","0,0","0","--","0","0","0,0","0","0","0,0","0,0","--","0","0","0","--","--","--","--","0:00","27,0","0:00","Nein","32:59.34.2","1","0,0","00:00:04","00:32:59","171","176"
Kajakfahren,2022-09-03 12:29:12,false,"Würzburg Polo","0,03","408","00:53:10","135","184","2,9","0","0","0,0","49,9","9","--","0,00","0,0","0,0","0","--","0","0","0,0","0","0","0,0","0,0","--","0","0","0","--","--","--","--","0:00","25,0","0:00","Nein","53:10.46.1","1","0,0","00:00:21","00:53:10","170","174"
Kajakfahren,2022-09-03 10:45:40,false,"Würzburg Polo","0,01","294","00:29:11","150","185","3,0","0","0","0,0","--","--","--","0,00","0,0","0,0","0","--","0","0","0,0","0","0","0,0","0,0","--","0","0","0","--","--","--","--","0:00","21,0","0:00","Nein","29:11.43","1","0,0","00:00:00","00:29:11","184","193"
Kajakfahren,2022-09-03 09:20:17,false,"Würzburg Polo","0,02","394","00:35:17","154","189","3,2","0","0","0,0","--","--","--","0,00","0,0","0,0","0","--","0","0","0,0","0","0","0,0","0,0","--","0","0","0","--","--","--","--","0:00","18,0","0:00","Nein","35:16.79.2","1","0,0","00:00:00","00:35:17","167","192"
Radfahren,2022-09-01 16:21:46,false,"Würzburg Radfahren","4,71","73","00:13:28","101","135","0,4","0","0","21,0","46,3","54","73","0,00","0,0","0,0","0","--","0","0","0,0","0","0","0,0","0,0","--","0","0","0","--","--","--","--","0:00","28,0","0:00","Nein","13:27.64.8","1","0,0","00:12:35","00:13:28","188","248"
Radfahren,2022-09-01 06:21:59,false,"Würzburg Radfahren","4,29","132","00:16:51","119","141","1,1","0","0","15,3","29,9","80","69","0,00","0,0","0,0","0","--","0","0","0,0","0","0","0,0","0,0","--","0","0","0","--","--","--","--","0:00","20,0","0:00","Nein","16:50.78.6","1","0,0","00:16:12","00:16:51","179","251"
Radfahren,2022-08-31 21:12:20,false,"Würzburg Radfahren","4,75","46","00:18:58","89","122","0,1","0","0","15,0","26,0","102","16","0,00","0,0","0,0","0","--","0","0","0,0","0","0","0,0","0,0","--","0","0","0","--","--","--","--","0:00","24,0","0:00","Nein","18:57.52.5","1","0,0","00:16:58","00:18:58","177","237"
Kajakfahren,2022-08-31 18:29:22,false,"Würzburg Polo","0,95","489","01:37:28","112","159","2,0","0","0","0,6","19,8","15","50","0,00","0,0","0,0","0","--","0","0","0,0","0","0","0,0","0,0","--","0","0","0","--","--","--","--","0:00","20,0","0:00","Nein","01:37:27.78.3","1","0,0","00:08:41","01:37:28","153","191"
Radfahren,2022-08-31 17:45:24,false,"Würzburg Radfahren","4,66","115","00:17:00","113","138","0,7","0","0","16,5","36,5","30","72","0,00","0,0","0,0","0","--","0","0","0,0","0","0","0,0","0,0","--","0","0","0","--","--","--","--","0:00","29,0","0:00","Nein","17:00.41.4","1","0,0","00:14:33","00:17:00","180","201"
Radfahren,2022-08-31 16:38:24,false,"Würzburg Radfahren","4,79","69","00:13:50","98","128","0,3","0","0","20,8","38,8","74","54","0,00","0,0","0,0","0","--","0","0","0,0","0","0","0,0","0,0","--","0","0","0","--","--","--","--","0:00","28,0","0:00","Nein","13:50.14.6","1","0,0","00:13:06","00:13:50","223","259"
Radfahren,2022-08-31 06:19:15,false,"Würzburg Radfahren","4,26","143","00:16:44","124","143","1,4","0","0","15,3","30,7","78","43","0,00","0,0","0,0","0","--","0","0","0,0","0","0","0,0","0,0","--","0","0","0","--","--","--","--","0:00","23,0","0:00","Nein","16:44.39","1","0,0","00:16:25","00:16:44","189","263"
Radfahren,2022-08-30 17:43:46,false,"Würzburg Radfahren","4,84","78","00:13:42","104","126","0,4","0","0","21,2","45,4","29","101","0,00","0,0","0,0","0","--","0","0","0,0","0","0","0,0","0,0","--","0","0","0","--","--","--","--","0:00","32,0","0:00","Nein","13:42.01.8","1","0,0","00:12:53","00:13:42","183","250"
Radfahren,2022-08-30 07:30:00,false,"Würzburg Radfahren","4,24","166","00:15:24","138","164","2,3","0","0","16,5","32,0","79","58","0,00","0,0","0,0","0","--","0","0","0,0","0","0","0,0","0,0","--","0","0","0","--","--","--","--","0:00","21,0","0:00","Nein","15:24.04.6","1","0,0","00:14:18","00:15:24","189","265"
Radfahren,2022-08-29 21:08:40,false,"Würzburg Radfahren","4,52","72","00:18:20","108","170","0,3","0","0","14,8","26,0","117","12","0,00","0,0","0,0","0","--","0","0","0,0","0","0","0,0","0,0","--","0","0","0","--","--","--","--","0:00","23,0","0:00","Nein","18:19.57.8","1","0,0","00:17:25","00:18:20","176","240"
Kajakfahren,2022-08-29 18:53:50,false,"Würzburg Polo","0,81","438","01:17:54","116","168","2,0","0","0","0,6","52,6","43","68","0,00","0,0","0,0","0","--","0","0","0,0","0","0","0,0","0,0","--","0","0","0","--","--","--","--","0:00","20,0","0:00","Nein","01:17:53.60","1","0,0","00:06:42","01:17:54","135","195"
Radfahren,2022-08-29 18:23:12,false,"Würzburg Radfahren","4,99","132","00:16:20","120","149","1,4","0","0","18,4","43,5","37","61","0,00","0,0","0,0","0","--","0","0","0,0","0","0","0,0","0,0","--","0","0","0","--","--","--","--","0:00","29,0","0:00","Nein","16:19.79.4","1","0,0","00:13:48","00:16:20","174","201"
Radfahren,2022-08-29 17:24:54,false,"Würzburg Radfahren","3,06","56","00:09:41,4","103","128","0,3","0","0","18,9","34,4","25","29","0,00","0,0","0,0","0","--","0","0","0,0","0","0","0,0","0,0","--","0","0","0","--","--","--","--","0:00","31,0","0:00","Nein","09:41.44.7","1","0,0","00:09:00","00:09:41,4","188","211"
Radfahren,2022-08-29 17:02:15,false,"Würzburg Radfahren","1,59","26","00:04:41,9","101","121","0,1","0","0","20,3","45,0","6","63","0,00","0,0","0,0","0","--","0","0","0,0","0","0","0,0","0,0","--","0","0","0","--","--","--","--","0:00","31,0","0:00","Nein","04:41.91.6","1","0,0","00:04:28","00:04:41,9","204","254"
Radfahren,2022-08-29 06:10:55,false,"Würzburg Radfahren","4,40","183","00:18:56","131","150","2,1","0","0","14,0","39,7","148","24","0,00","0,0","0,0","0","--","0","0","0,0","0","0","0,0","0,0","--","0","0","0","--","--","--","--","0:00","20,0","0:00","Nein","18:55.71.1","1","0,0","00:16:45","00:18:56","192","271"
Laufen,2022-08-27 16:46:44,false,"Würzburg Laufen","4,82","380","00:29:45","161","179","3,5","159","201","6:10","4:18","115","135","1,00","10,1","10,1","277","50,0 % Links / 50,0 % Rechts","0","0","0,0","0","0","0,0","0,0","--","0","0","0","--","--","--","--","0:00","28,0","0:00","Nein","29:44.69.6","1","0,0","00:00:00","00:29:45","183","301"
Radfahren,2022-08-26 13:49:26,false,"Würzburg Radfahren","4,81","83","00:13:36","107","140","0,6","0","0","21,2","42,5","26","85","0,00","0,0","0,0","0","--","0","0","0,0","0","0","0,0","0,0","--","0","0","0","--","--","--","--","0:00","34,0","0:00","Nein","13:35.59","1","0,0","00:13:09","00:13:36","183","249"
Radfahren,2022-08-26 06:18:34,false,"Würzburg Radfahren","4,52","134","00:18:28","115","138","1,1","0","0","14,7","40,5","86","79","0,00","0,0","0,0","0","--","0","0","0,0","0","0","0,0","0,0","--","0","0","0","--","--","--","--","0:00","23,0","0:00","Nein","18:28.04.8","1","0,0","00:16:57","00:19:49","189","261"
Radfahren,2022-08-25 19:23:42,false,"Würzburg Radfahren","3,05","123","00:13:22","128","160","1,7","0","0","13,7","26,9","40","116","0,00","0,0","0,0","0","--","0","0","0,0","0","0","0,0","0,0","--","0","0","0","--","--","--","--","0:00","32,0","0:00","Nein","13:22.19","1","0,0","00:12:08","00:13:22","161","195"
Radfahren,2022-08-24 22:11:48,false,"Würzburg Radfahren","4,55","126","00:19:00","112","146","0,8","0","0","14,4","27,6","29","10","0,00","0,0","0,0","0","--","0","0","0,0","0","0","0,0","0,0","--","0","0","0","--","--","--","--","0:00","27,0","0:00","Nein","19:00.26","1","0,0","00:16:42","00:19:00","178","199"
Kajakfahren,2022-08-24 18:18:54,false,"Würzburg Polo","1,54","640","01:59:01","117","172","2,1","0","0","0,8","8,7","31","26","0,00","0,0","0,0","0","--","0","0","0,0","0","0","0,0","0,0","--","0","0","0","--","--","--","--","0:00","23,0","0:00","Nein","01:59:00.79","1","0,0","00:14:08","01:59:01","187","206"
Radfahren,2022-08-24 16:51:35,false,"Würzburg Radfahren","3,74","91","00:11:44","117","148","1,0","0","0","19,2","28,4","84","41","0,00","0,0","0,0","0","--","0","0","0,0","0","0","0,0","0,0","--","0","0","0","--","--","--","--","0:00","33,0","0:00","Nein","11:43.68.9","1","0,0","00:11:21","00:11:44","181","236"
Radfahren,2022-08-24 16:36:09,false,"Würzburg Radfahren","1,59","33","00:05:41,6","105","119","0,2","0","0","16,8","41,9","44","8","0,00","0,0","0,0","0","--","0","0","0,0","0","0","0,0","0,0","--","0","0","0","--","--","--","--","0:00","31,0","0:00","Nein","05:41.63","1","0,0","00:05:02","00:05:41,6","185","194"
Radfahren,2022-08-24 15:35:10,false,"Würzburg Radfahren","4,82","87","00:14:03","108","137","0,7","0","0","20,6","37,2","27","84","0,00","0,0","0,0","0","--","0","0","0,0","0","0","0,0","0,0","--","0","0","0","--","--","--","--","0:00","33,0","0:00","Nein","14:03.44.7","1","0,0","00:13:29","00:14:03","183","251"
Radfahren,2022-08-24 06:20:58,false,"Würzburg Radfahren","4,25","161","00:16:02","134","158","2,2","0","0","15,9","34,8","78","86","0,00","0,0","0,0","0","--","0","0","0,0","0","0","0,0","0,0","--","0","0","0","--","--","--","--","0:00","20,0","0:00","Nein","16:02.21.8","1","0,0","00:15:43","00:16:02","188","262"
Radfahren,2022-08-23 16:22:06,false,"Würzburg Radfahren","5,44","85","00:14:04","108","127","0,4","0","0","23,2","46,3","18","84","0,00","0,0","0,0","0","--","0","0","0,0","0","0","0,0","0,0","--","0","0","0","--","--","--","--","0:00","31,0","0:00","Nein","01:17.23.6","2","0,0","00:13:56","00:14:04","189","250"
Radfahren,2022-08-23 06:10:01,false,"Würzburg Radfahren","4,33","160","00:16:39","132","173","2,1","0","0","15,6","30,0","77","87","0,00","0,0","0,0","0","--","0","0","0,0","0","0","0,0","0,0","--","0","0","0","--","--","--","--","0:00","20,0","0:00","Nein","16:38.82.8","1","0,0","00:15:33","00:16:39","191","265"
Kajakfahren,2022-08-22 18:23:52,false,"Würzburg Polo","1,92","691","01:35:23","129","173","3,0","0","0","1,2","62,3","83","55","0,00","0,0","0,0","0","--","0","0","0,0","0","0","0,0","0,0","--","0","0","0","--","--","--","--","0:00","21,0","0:00","Nein","01:35:23.07.1","1","0,0","00:17:13","01:35:23","167","210"
Radfahren,2022-08-22 17:46:14,false,"Würzburg Radfahren","0,00","123","00:18:09","114","134","0,9","0","0","--","38,8","50","57","0,00","0,0","0,0","0","--","0","0","0,0","0","0","0,0","0,0","--","0","0","0","--","--","--","--","0:00","31,0","0:00","Nein","18:09.24.4","1","0,0","00:15:29","00:18:09","180","202"
Radfahren,2022-08-22 16:27:01,false,"Würzburg Radfahren","5,29","107","00:17:19","110","138","0,7","0","0","18,3","46,2","55","96","0,00","0,0","0,0","0","--","0","0","0,0","0","0","0,0","0,0","--","0","0","0","--","--","--","--","0:00","30,0","0:00","Nein","00:52.18.3","2","0,0","00:14:51","00:17:19","188","249"
Radfahren,2022-08-22 06:09:34,false,"Würzburg Radfahren","4,44","174","00:17:28","135","159","2,4","0","0","15,3","42,4","89","85","0,00","0,0","0,0","0","--","0","0","0,0","0","0","0,0","0,0","--","0","0","0","--","--","--","--","0:00","20,0","0:00","Nein","17:27.66.2","1","0,0","00:16:10","00:20:35","188","263"
Kajakfahren,2022-08-21 18:28:00,false,"Würzburg Polo","6,45","445","01:09:01","119","173","2,3","0","0","5,6","14,4","157","112","0,00","0,0","0,0","0","--","0","0","0,0","0","0","0,0","0,0","--","0","0","0","--","--","--","--","0:00","23,0","0:00","Nein","01:09:01.24","1","0,0","00:58:51","01:09:01","163","194"
Radfahren,2022-08-19 12:56:07,false,"Würzburg Radfahren","4,82","75","00:14:39","101","127","0,3","0","0","19,7","38,7","20","77","0,00","0,0","0,0","0","--","0","0","0,0","0","0","0,0","0,0","--","0","0","0","--","--","--","--","0:00","29,0","0:00","Nein","14:39.30.6","1","0,0","00:13:58","00:14:39","184","247"
Radfahren,2022-08-19 06:15:14,false,"Würzburg Radfahren","4,72","136","00:17:20","120","141","1,2","0","0","16,4","30,8","81","25","0,00","0,0","0,0","0","--","0","0","0,0","0","0","0,0","0,0","--","0","0","0","--","--","--","--","0:00","24,0","0:00","Nein","17:19.56.6","1","0,0","00:16:40","00:17:20","187","257"
Radfahren,2022-08-18 17:22:10,false,"Würzburg Radfahren","4,85","78","00:13:48","104","134","0,5","0","0","21,1","40,1","33","80","0,00","0,0","0,0","0","--","0","0","0,0","0","0","0,0","0,0","--","0","0","0","--","--","--","--","0:00","31,0","0:00","Nein","13:47.73.9","1","0,0","00:13:42","00:13:48","190","253"
Radfahren,2022-08-18 06:15:10,false,"Würzburg Radfahren","4,25","139","00:14:34","131","157","2,0","0","0","17,5","32,4","70","56","0,00","0,0","0,0","0","--","0","0","0,0","0","0","0,0","0,0","--","0","0","0","--","--","--","--","0:00","24,0","0:00","Nein","14:34.02","1","0,0","00:14:11","00:14:34","188","256"
Kajakfahren,2022-08-17 18:27:31,false,"Würzburg Polo","0,97","341","01:45:11","116","176","2,4","0","0","0,6","6,6","29","56","0,00","0,0","0,0","0","--","0","0","0,0","0","0","0,0","0,0","--","0","0","0","--","--","--","--","0:00","22,0","0:00","Nein","01:45:10.75.4","1","0,0","00:09:16","01:45:11","162","194"
Radfahren,2022-08-16 17:56:23,false,"Würzburg Radfahren","3,06","76","00:09:15,9","121","147","0,8","0","0","19,8","31,0","49","39","0,00","0,0","0,0","0","--","0","0","0,0","0","0","0,0","0,0","--","0","0","0","--","--","--","--","0:00","32,0","0:00","Nein","09:15.93.4","1","0,0","00:08:53","00:09:15,9","193","214"
Radfahren,2022-08-16 17:32:49,false,"Würzburg Radfahren","1,72","37","00:05:25,2","111","127","0,3","0","0","19,0","51,1","10","53","0,00","0,0","0,0","0","--","0","0","0,0","0","0","0,0","0,0","--","0","0","0","--","--","--","--","0:00","33,0","0:00","Nein","05:25.19.5","1","0,0","00:05:15","00:05:25,2","203","253"
Radfahren,2022-08-16 06:05:46,false,"Würzburg Radfahren","4,87","176","00:19:15","129","151","2,1","0","0","15,2","66,0","115","32","0,00","0,0","0,0","0","--","0","0","0,0","0","0","0,0","0,0","--","0","0","0","--","--","--","--","0:00","21,0","0:00","Nein","19:14.66.7","1","0,0","00:18:19","00:21:03","190","257"
Freiwasserschwimmen,2022-08-12 18:00:07,false,"Sigriswil Freiwasserschwimmen","303","65","00:11:38","123","154","1,3","0","0","3:50","0:50","--","--","0,00","0,0","0,0","0","--","0","0","0,0","0","0","0,0","0,0","177","72","15","0","--","--","--","--","0:00","22,0","0:00","Nein","11:38.25.7","1","0,0","00:07:05","00:11:38","--","--"
Wandern,2022-08-12 10:19:53,false,"Reichenbach im Kandertal Wandern","8,55","1.926","04:17:17","134","178","4,0","48","246","30:05","6:20","900","946","0,70","0,0","0,0","0","--","0","0","0,0","0","0","0,0","0,0","--","0","0","0","--","--","--","--","0:00","26,0","0:00","Nein","04:17:17.45.6","1","0,0","01:51:24","05:31:49","1.635","2.372"
Freiwasserschwimmen,2022-08-11 16:25:04,false,"Interlaken-Oberhasli Freiwasserschwimmen","291","65","00:10:41","95","133","0,3","0","0","3:40","0:24","--","--","0,00","0,0","0,0","0","--","0","0","0,0","0","0","0,0","0,0","87","62","8","0","--","--","--","--","0:00","23,0","0:00","Nein","10:41.25.5","1","0,0","00:06:53","00:10:41","--","--"
Freiwasserschwimmen,2022-08-10 19:18:31,false,"Thun Freiwasserschwimmen","181","37","00:07:28,8","96","117","0,2","0","0","4:08","1:03","--","--","0,00","0,0","0,0","0","--","0","0","0,0","0","0","0,0","0,0","62","71","9","0","--","--","--","--","0:00","23,0","0:00","Nein","07:28.77.6","1","0,0","00:04:04","00:07:28,8","--","--"
Wandern,2022-08-10 11:43:36,false,"Sigriswil Wandern","13,77","1.649","04:15:30","122","164","3,1","66","246","18:34","4:43","732","846","0,82","0,0","0,0","0","--","0","0","0,0","0","0","0,0","0,0","--","0","0","0","--","--","--","--","0:00","29,0","0:00","Nein","31:14.60.8","2","0,0","02:55:47","06:03:13","759","1.378"
Freiwasserschwimmen,2022-08-09 20:25:38,false,"Thun Freiwasserschwimmen","127","27","00:06:28,1","95","126","0,2","0","0","5:06","0:22","--","--","0,00","0,0","0,0","0","--","0","0","0,0","0","0","0,0","0,0","41","84","7","0","--","--","--","--","0:00","24,0","0:00","Nein","06:28.07.4","1","0,0","00:01:49","00:06:28,1","--","--"
Kajakfahren,2022-08-08 12:55:23,false,"Arzl im Pitztal Ww","13,62","288","01:17:57","92","120","0,2","0","0","10,5","19,0","135","214","0,00","0,0","0,0","0","--","0","0","0,0","0","0","0,0","0,0","--","0","0","0","--","--","--","--","0:00","18,0","0:00","Nein","01:17:56.75.2","1","0,0","01:13:31","01:17:57","638","722"
Kajakfahren,2022-08-07 14:51:16,false,"Scuol Ww","10,01","753","02:27:54","0","0","0,1","0","0","4,1","15,6","240","313","0,00","0,0","0,0","0","--","0","0","0,0","0","0","0,0","0,0","--","0","0","0","--","--","--","--","0:00","17,0","0:00","Nein","02:27:53.66.6","1","0,0","01:13:28","02:27:54","1.148","1.304"
Kajakfahren,2022-08-07 11:02:37,false,"Zernez Ww","9,31","699","02:02:57","0","0","0,1","0","0","4,5","13,9","156","352","0,00","0,0","0,0","0","--","0","0","0,0","0","0","0,0","0,0","--","0","0","0","--","--","--","--","0:00","19,0","0:00","Nein","02:02:57.22.9","1","0,0","01:09:22","02:02:57","1.275","1.402"
Kajakfahren,2022-08-06 15:07:25,false,"Oetz Ww","12,89","1.063","01:48:26","0","0","0,0","0","0","7,1","19,6","237","299","0,00","0,0","0,0","0","--","0","0","0,0","0","0","0,0","0,0","--","0","0","0","--","--","--","--","0:00","14,0","0:00","Nein","01:48:26.43.3","1","0,0","01:07:01","01:48:26","676","791"
Kajakfahren,2022-08-06 12:20:04,false,"Arzl im Pitztal Ww","13,86","933","01:43:48","84","115","0,1","0","0","8,0","18,4","93","164","0,00","0,0","0,0","0","--","0","0","0,0","0","0","0,0","0,0","--","0","0","0","--","--","--","--","0:00","18,0","0:00","Nein","01:43:48.23","1","0,0","01:31:53","01:43:48","622","698"
Kajakfahren,2022-08-03 18:10:57,false,"Würzburg Polo","0,99","587","01:58:00","115","173","2,2","0","0","0,5","12,4","26","26","0,00","0,0","0,0","0","--","0","0","0,0","0","0","0,0","0,0","--","0","0","0","--","--","--","--","0:00","24,0","0:00","Nein","01:57:59.85.4","1","0,0","00:11:57","01:58:00","177","195"
Radfahren,2022-08-01 23:28:11,false,"Würzburg Radfahren","4,78","122","00:16:28","118","134","0,8","0","0","17,4","24,4","37","16","0,00","0,0","0,0","0","--","0","0","0,0","0","0","0,0","0,0","--","0","0","0","--","--","--","--","0:00","27,0","0:00","Nein","16:28.15.3","1","0,0","00:15:59","00:16:28","178","201"
Kajakfahren,2022-08-01 18:18:33,false,"Würzburg Polo","3,72","543","01:49:41","109","169","2,1","0","0","2,0","10,2","245","165","0,00","0,0","0,0","0","--","0","0","0,0","0","0","0,0","0,0","--","0","0","0","--","--","--","--","0:00","25,0","0:00","Nein","01:49:41.29.6","1","0,0","00:35:14","01:49:57","141","274"
Radfahren,2022-08-01 17:41:12,false,"Würzburg Radfahren","4,78","87","00:17:45","100","118","0,3","0","0","16,2","39,6","40","60","0,00","0,0","0,0","0","--","0","0","0,0","0","0","0,0","0,0","--","0","0","0","--","--","--","--","0:00","30,0","0:00","Nein","17:45.12.5","1","0,0","00:15:18","00:18:15","235","263"
Radfahren,2022-07-31 20:15:37,false,"Würzburg Radfahren","3,55","96","00:13:32","116","153","1,0","0","0","15,7","51,9","66","105","0,00","0,0","0,0","0","--","0","0","0,0","0","0","0,0","0,0","--","0","0","0","--","--","--","--","0:00","31,0","0:00","Nein","13:32.26.2","1","0,0","00:11:51","00:13:32","202","254"
Radfahren,2022-07-31 19:06:46,false,"Würzburg Radfahren","3,26","138","00:16:20","125","164","1,8","0","0","12,0","51,6","124","85","0,00","0,0","0,0","0","--","0","0","0,0","0","0","0,0","0,0","--","0","0","0","--","--","--","--","0:00","32,0","0:00","Nein","16:20.34.3","1","0,0","00:14:26","00:16:20","195","257"
Radfahren,2022-07-31 18:41:48,false,"Würzburg Radfahren","4,63","99","00:20:56","99","129","0,3","0","0","13,3","26,0","107","20","0,00","0,0","0,0","0","--","0","0","0,0","0","0","0,0","0,0","--","0","0","0","--","--","--","--","0:00","29,0","0:00","Nein","20:56.43.1","1","0,0","00:17:51","00:20:56","177","262"
Kajakfahren,2022-07-31 17:01:48,false,"Würzburg Polo","3,08","200","01:06:54","90","125","0,2","0","0","2,8","10,3","132","187","0,00","0,0","0,0","0","--","0","0","0,0","0","0","0,0","0,0","--","0","0","0","--","--","--","--","0:00","25,0","0:00","Nein","01:06:53.86.1","1","0,0","00:30:42","01:06:54","152","192"
Radfahren,2022-07-31 15:56:30,false,"Würzburg Radfahren","5,08","129","00:22:11","108","133","0,6","0","0","13,7","37,9","59","65","0,00","0,0","0,0","0","--","0","0","0,0","0","0","0,0","0,0","--","0","0","0","--","--","--","--","0:00","32,0","0:00","Nein","01:23.88.8","2","0,0","00:16:52","00:22:11","221","247"
Radfahren,2022-07-30 14:23:48,false,"Würzburg Radfahren","3,69","126","00:14:24","126","166","1,6","0","0","15,4","29,6","40","23","0,00","0,0","0,0","0","--","0","0","0,0","0","0","0,0","0,0","--","0","0","0","--","--","--","--","0:00","32,0","0:00","Nein","14:23.54.4","1","0,0","00:12:06","00:14:24","177","206"
Gravel/Offroad-Radfahren,2022-07-30 11:54:50,false,"Würzburg Gravel/Offroad-Radfahren","26,06","726","01:26:24","138","176","3,1","0","0","18,1","54,6","452","416","0,00","0,0","0,0","0","--","0","0","0,0","0","0","0,0","0,0","--","0","0","0","--","--","--","--","0:00","28,0","0:00","Nein","03:18.13.6","6","0,0","01:26:06","01:42:28","171","306"
Radfahren,2022-07-29 15:06:20,false,"Würzburg Radfahren","4,05","85","00:11:18","117","144","1,0","0","0","21,5","46,3","25","65","0,00","0,0","0,0","0","--","0","0","0,0","0","0","0,0","0,0","--","0","0","0","--","--","--","--","0:00","30,0","0:00","Nein","11:17.88.7","1","0,0","00:10:42","00:11:18","200","263"
Radfahren,2022-07-29 14:40:55,false,"Würzburg Radfahren","0,34","23","00:02:57,5","118","142","0,3","0","0","7,0","20,0","4","--","0,00","0,0","0,0","0","--","0","0","0,0","0","0","0,0","0,0","--","0","0","0","--","--","--","--","0:00","33,0","0:00","Nein","02:57.51.3","1","0,0","00:01:22","00:05:18,5","247","253"
Radfahren,2022-07-29 11:14:33,false,"Würzburg Radfahren","4,75","147","00:16:18","127","157","2,0","0","0","17,5","33,8","79","76","0,00","0,0","0,0","0","--","0","0","0,0","0","0","0,0","0,0","--","0","0","0","--","--","--","--","0:00","30,0","0:00","Nein","16:18.05.4","1","0,0","00:15:52","00:16:18","187","251"
Radfahren,2022-07-27 21:03:20,false,"Würzburg Radfahren","4,55","118","00:19:59","109","128","0,6","0","0","13,7","21,1","40","12","0,00","0,0","0,0","0","--","0","0","0,0","0","0","0,0","0,0","--","0","0","0","--","--","--","--","0:00","24,0","0:00","Nein","19:58.99.1","1","0,0","00:17:29","00:19:59","178","210"
Multisport,2022-07-27 18:26:48,false,"Würzburg Multisport","3,59","535","01:47:26","0","167","2,1","0","0","2,0","--","221","210","0,00","0,0","0,0","0","--","0","0","0,0","0","0","0,0","0,0","--","0","0","0","--","--","--","--","0:00","0,0","0:00","Nein","00:00.00","2","0,0","00:00:00","01:47:32","122","196"
Radfahren,2022-07-27 17:59:01,false,"Würzburg Radfahren","4,94","107","00:16:32","111","138","0,8","0","0","17,9","41,2","38","369","0,00","0,0","0,0","0","--","0","0","0,0","0","0","0,0","0,0","--","0","0","0","--","--","--","--","0:00","26,0","0:00","Nein","16:31.81.2","1","0,0","00:13:02","00:16:32","165","192"
Radfahren,2022-07-25 21:37:06,false,"Würzburg Radfahren","4,56","133","00:19:45","115","149","0,7","0","0","13,9","21,6","99","32","0,00","0,0","0,0","0","--","0","0","0,0","0","0","0,0","0,0","--","0","0","0","--","--","--","--","0:00","31,0","0:00","Nein","19:44.80.7","1","0,0","00:17:49","00:19:45","177","248"
Kajakfahren,2022-07-25 18:15:40,false,"Würzburg Polo","1,73","825","01:56:10","132","180","3,1","0","0","0,9","8,8","28","75","0,00","0,0","0,0","0","--","0","0","0,0","0","0","0,0","0,0","--","0","0","0","--","--","--","--","0:00","26,0","0:00","Nein","01:56:10.11.1","1","0,0","00:14:18","01:56:10","154","200"
Radfahren,2022-07-25 17:32:22,false,"Würzburg Radfahren","4,96","156","00:22:30","116","134","0,9","0","0","13,2","32,9","94","71","0,00","0,0","0,0","0","--","0","0","0,0","0","0","0,0","0,0","--","0","0","0","--","--","--","--","0:00","33,0","0:00","Nein","22:29.95.8","1","0,0","00:16:59","00:22:30","195","246"
Gravel/Offroad-Radfahren,2022-07-24 21:14:07,false,"Würzburg Gravel/Offroad-Radfahren","15,74","452","00:54:49","135","174","2,8","0","0","17,2","54,2","319","316","0,00","0,0","0,0","0","--","0","0","0,0","0","0","0,0","0,0","--","0","0","0","--","--","--","--","0:00","23,0","0:00","Nein","01:39.06.9","4","0,0","00:54:33","00:59:02","189","331"
Laufen,2022-07-23 23:35:07,false,"Würzburg Laufen","4,04","279","00:20:23","163","189","3,5","157","191","5:02","2:53","47","33","1,26","8,7","11,1","258","50,8 % Links / 49,2 % Rechts","0","0","0,0","0","0","0,0","0,0","--","0","0","0","--","--","--","--","0:00","27,0","0:00","Nein","20:22.73.8","1","0,0","00:20:17","00:21:50","25","49"
Kajakfahren,2022-07-22 19:46:18,false,"Würzburg Polo","5,85","328","01:05:49","106","142","0,8","0","0","5,3","13,9","102","280","0,00","0,0","0,0","0","--","0","0","0,0","0","0","0,0","0,0","--","0","0","0","--","--","--","--","0:00","24,0","0:00","Nein","01:05:48.54.4","1","0,0","00:53:23","01:05:49","156","192"
Gravel/Offroad-Radfahren,2022-07-21 18:03:17,false,"Würzburg Gravel/Offroad-Radfahren","15,96","422","00:56:59","127","168","2,2","0","0","16,8","59,8","331","362","0,00","0,0","0,0","0","--","0","0","0,0","0","0","0,0","0,0","--","0","0","0","--","--","--","--","0:00","27,0","0:00","Nein","03:00.44.4","4","0,0","00:56:43","00:57:53","194","337"
Radfahren,2022-07-20 22:13:15,false,"Würzburg Radfahren","4,55","122","00:18:59","112","139","0,7","0","0","14,4","22,5","42","28","0,00","0,0","0,0","0","--","0","0","0,0","0","0","0,0","0,0","--","0","0","0","--","--","--","--","0:00","30,0","0:00","Nein","18:59.47.7","1","0,0","00:17:18","00:18:59","178","196"
Kajakfahren,2022-07-20 18:17:26,false,"Würzburg Polo","3,34","542","02:01:28","107","160","1,1","0","0","1,6","18,4","466","125","0,00","0,0","0,0","0","--","0","0","0,0","0","0","0,0","0,0","--","0","0","0","--","--","--","--","0:00","26,0","0:00","Nein","02:01:28.34.6","1","0,0","00:34:30","02:01:28","171","494"
Radfahren,2022-07-20 17:36:40,false,"Würzburg Radfahren","4,93","124","00:21:22","108","126","0,5","0","0","13,8","37,2","66","131","0,00","0,0","0,0","0","--","0","0","0,0","0","0","0,0","0,0","--","0","0","0","--","--","--","--","0:00","33,0","0:00","Nein","21:22.21.3","1","0,0","00:17:00","00:21:22","162","196"
Radfahren,2022-07-18 22:10:24,false,"Würzburg Radfahren","4,62","120","00:16:42","116","143","1,0","0","0","16,6","29,2","117","38","0,00","0,0","0,0","0","--","0","0","0,0","0","0","0,0","0,0","--","0","0","0","--","--","--","--","0:00","27,0","0:00","Nein","16:42.47.9","1","0,0","00:15:04","00:16:42","177","259"
Kajakfahren,2022-07-18 18:18:31,false,"Würzburg Polo","4,41","557","01:59:03","108","168","2,1","0","0","2,2","17,4","178","175","0,00","0,0","0,0","0","--","0","0","0,0","0","0","0,0","0,0","--","0","0","0","--","--","--","--","0:00","24,0","0:00","Nein","01:59:02.75.4","1","0,0","00:48:57","01:59:03","156","193"
Radfahren,2022-07-18 17:34:10,false,"Würzburg Radfahren","4,70","103","00:18:32","105","126","0,5","0","0","15,2","37,5","51","99","0,00","0,0","0,0","0","--","0","0","0,0","0","0","0,0","0,0","--","0","0","0","--","--","--","--","0:00","33,0","0:00","Nein","18:31.62.4","1","0,0","00:16:13","00:18:32","177","196"
Radfahren,2022-07-13 22:43:43,false,"Würzburg Radfahren","4,72","259","00:40:48","116","151","1,2","0","0","6,9","25,5","98","94","0,00","0,0","0,0","0","--","0","0","0,0","0","0","0,0","0,0","--","0","0","0","--","--","--","--","0:00","30,0","0:00","Nein","40:48.08.1","1","0,0","00:21:12","00:40:48","155","197"
Kajakfahren,2022-07-13 18:19:34,false,"Würzburg Polo","4,12","488","01:49:44","107","166","1,3","0","0","2,3","9,2","120","148","0,00","0,0","0,0","0","--","0","0","0,0","0","0","0,0","0,0","--","0","0","0","--","--","--","--","0:00","24,0","0:00","Nein","01:49:43.54.3","1","0,0","00:42:05","01:49:44","155","194"
Radfahren,2022-07-13 17:36:01,false,"Würzburg Radfahren","5,00","158","00:18:36","126","155","1,7","0","0","16,1","38,3","92","94","0,00","0,0","0,0","0","--","0","0","0,0","0","0","0,0","0,0","--","0","0","0","--","--","--","--","0:00","32,0","0:00","Nein","00:07.74.2","2","0,0","00:16:08","00:18:36","180","214"
Gravel/Offroad-Radfahren,2022-07-12 20:07:46,false,"Würzburg Gravel/Offroad-Radfahren","14,20","516","00:51:13","149","184","3,4","0","0","16,6","52,4","344","324","0,00","0,0","0,0","0","--","0","0","0,0","0","0","0,0","0,0","--","0","0","0","--","--","--","--","0:00","23,0","0:00","Nein","13:58.36.4","3","0,0","00:51:05","00:52:56","195","342"
Radfahren,2022-07-11 20:23:48,false,"Würzburg Radfahren","4,67","119","00:17:25","114","142","0,8","0","0","16,1","24,5","76","28","0,00","0,0","0,0","0","--","0","0","0,0","0","0","0,0","0,0","--","0","0","0","--","--","--","--","0:00","23,0","0:00","Nein","17:24.68.5","1","0,0","00:14:44","00:17:25","175","197"
Kajakfahren,2022-07-11 18:12:57,false,"Würzburg Polo","4,27","614","01:50:27","117","168","2,1","0","0","2,3","13,2","185","209","0,00","0,0","0,0","0","--","0","0","0,0","0","0","0,0","0,0","--","0","0","0","--","--","--","--","0:00","22,0","0:00","Nein","01:50:27.42.6","1","0,0","00:47:15","01:50:27","125","192"
Radfahren,2022-07-11 17:39:05,false,"Würzburg Radfahren","5,08","158","00:15:10","138","163","2,3","0","0","20,1","35,6","46","203","0,00","0,0","0,0","0","--","0","0","0,0","0","0","0,0","0,0","--","0","0","0","--","--","--","--","0:00","26,0","0:00","Nein","00:20.58.3","2","0,0","00:13:42","00:15:10","179","202"
Kajakfahren,2022-07-10 11:29:41,false,"Arzl im Pitztal Ww","12,59","949","02:33:37","73","90","0,0","0","0","4,9","32,0","39","115","0,00","0,0","0,0","0","--","0","0","0,0","0","0","0,0","0,0","--","0","0","0","--","--","--","--","0:00","20,0","0:00","Nein","02:33:36.69.8","1","0,0","01:26:54","02:33:37","642","734"
Kajakfahren,2022-07-09 12:29:44,false,"Oetz Ww","13,59","1.218","02:32:09","109","142","1,5","0","0","5,4","35,9","269","373","0,00","0,0","0,0","0","--","0","0","0,0","0","0","0,0","0,0","--","0","0","0","--","--","--","--","0:00","15,0","0:00","Nein","02:32:09.00.3","1","0,0","01:22:13","02:33:06","668","800"
Laufen,2022-07-07 22:22:52,false,"Würzburg Laufen","3,93","281","00:20:34","168","187","3,5","157","197","5:14","3:54","41","38","1,21","8,9","10,9","263","50,7 % Links / 49,3 % Rechts","0","0","0,0","0","0","0,0","0,0","--","0","0","0","--","--","--","--","0:00","24,0","0:00","Nein","20:33.78.5","1","0,0","00:20:28","00:20:52","190","215"
Kajakfahren,2022-07-06 18:16:25,false,"Würzburg Polo","3,39","387","01:46:14","92","112","0,2","0","0","1,9","10,6","225","202","0,00","0,0","0,0","0","--","0","0","0,0","0","0","0,0","0,0","--","0","0","0","--","--","--","--","0:00","23,0","0:00","Nein","06:10.79.1","2","0,0","00:36:06","01:46:14","313","403"
Radfahren,2022-07-04 21:49:16,false,"Würzburg Radfahren","4,81","126","00:23:35","103","147","0,6","0","0","12,2","22,7","98","29","0,00","0,0","0,0","0","--","0","0","0,0","0","0","0,0","0,0","--","0","0","0","--","--","--","--","0:00","26,0","0:00","Nein","23:34.62.9","1","0,0","00:20:10","00:23:36","177","251"
Kajakfahren,2022-07-04 18:21:40,false,"Würzburg Polo","1,49","682","01:52:08","123","174","2,7","0","0","0,8","7,9","56","68","0,00","0,0","0,0","0","--","0","0","0,0","0","0","0,0","0,0","--","0","0","0","--","--","--","--","0:00","23,0","0:00","Nein","01:52:08.21.2","1","0,0","00:17:14","01:52:08","173","198"
Radfahren,2022-07-04 17:33:40,false,"Würzburg Radfahren","4,68","117","00:16:42","114","140","0,8","0","0","16,8","36,9","44","253","0,00","0,0","0,0","0","--","0","0","0,0","0","0","0,0","0,0","--","0","0","0","--","--","--","--","0:00","30,0","0:00","Nein","16:41.51","1","0,0","00:14:06","00:16:42","182","201"
Kajakfahren,2022-07-01 19:10:23,false,"Würzburg Polo","2,18","279","01:17:28","90","123","0,2","0","0","1,7","27,9","294","146","0,00","0,0","0,0","0","--","0","0","0,0","0","0","0,0","0,0","--","0","0","0","--","--","--","--","0:00","21,0","0:00","Nein","01:17:27.94.5","1","0,0","00:25:03","01:17:28","187","262"
Radfahren,2022-06-30 20:36:34,false,"Würzburg Radfahren","3,55","103","00:12:20","126","170","1,6","0","0","17,3","49,5","49","76","0,00","0,0","0,0","0","--","0","0","0,0","0","0","0,0","0,0","--","0","0","0","--","--","--","--","0:00","31,0","0:00","Nein","12:20.49.1","1","0,0","00:11:08","00:12:20","214","260"
Radfahren,2022-06-30 19:30:39,false,"Würzburg Radfahren","3,30","145","00:14:07","140","180","2,2","0","0","14,0","50,8","89","57","0,00","0,0","0,0","0","--","0","0","0,0","0","0","0,0","0,0","--","0","0","0","--","--","--","--","0:00","31,0","0:00","Nein","14:06.60.4","1","0,0","00:12:46","00:14:07","194","246"
Radfahren,2022-06-29 23:25:48,false,"Würzburg Radfahren","4,54","147","00:22:56","112","147","0,7","0","0","11,9","25,4","38","120","0,00","0,0","0,0","0","--","0","0","0,0","0","0","0,0","0,0","--","0","0","0","--","--","--","--","0:00","25,0","0:00","Nein","22:56.26.5","1","0,0","00:19:47","00:22:56","175","195"
Kajakfahren,2022-06-29 18:43:44,false,"Würzburg Polo","2,38","474","01:27:07","114","175","2,2","0","0","1,6","12,5","125","92","0,00","0,0","0,0","0","--","0","0","0,0","0","0","0,0","0,0","--","0","0","0","--","--","--","--","0:00","25,0","0:00","Nein","00:00.71.2","6","0,0","00:23:51","01:27:07","183","228"
Radfahren,2022-06-29 16:57:25,false,"Würzburg Radfahren","5,18","142","00:15:13","130","167","2,0","0","0","20,4","37,6","40","47","0,00","0,0","0,0","0","--","0","0","0,0","0","0","0,0","0,0","--","0","0","0","--","--","--","--","0:00","28,0","0:00","Nein","00:44.06","2","0,0","00:14:07","00:15:13","175","200"
Kajakfahren,2022-06-27 18:37:17,false,"Würzburg Polo","0,65","556","01:35:56","121","171","2,3","0","0","0,4","18,5","16","39","0,00","0,0","0,0","0","--","0","0","0,0","0","0","0,0","0,0","--","0","0","0","--","--","--","--","0:00","20,0","0:00","Nein","01:35:55.62.5","1","0,0","00:06:02","01:35:56","156","192"
Radfahren,2022-06-27 18:00:25,false,"Würzburg Radfahren","4,93","132","00:13:03","135","159","2,0","0","0","22,7","38,4","46","40","0,00","0,0","0,0","0","--","0","0","0,0","0","0","0,0","0,0","--","0","0","0","--","--","--","--","0:00","27,0","0:00","Nein","13:03.01","1","0,0","00:12:31","00:13:03","189","212"
Kajakfahren,2022-06-26 14:24:16,false,"Würzburg Polo","0,25","606","01:31:41","129","169","2,6","0","0","0,2","7,8","5","26","0,00","0,0","0,0","0","--","0","0","0,0","0","0","0,0","0,0","--","0","0","0","--","--","--","--","0:00","29,0","0:00","Nein","01:31:41.32.7","1","0,0","00:01:37","01:31:41","170","205"
Kajakfahren,2022-06-26 10:03:14,false,"Würzburg Polo","3,71","501","02:14:22","105","230","1,6","0","0","1,7","9,0","42","61","0,00","0,0","0,0","0","--","0","0","0,0","0","0","0,0","0,0","--","0","0","0","--","--","--","--","0:00","27,0","0:00","Nein","02:14:21.62.6","1","0,0","00:37:14","02:36:39","164","233"
Radfahren,2022-06-24 19:39:27,false,"Würzburg Radfahren","4,80","58","00:21:09","81","98","0,1","0","0","13,6","23,5","72","9","0,00","0,0","0,0","0","--","0","0","0,0","0","0","0,0","0,0","--","0","0","0","--","--","--","--","0:00","26,0","0:00","Nein","21:08.60.4","1","0,0","00:17:11","00:21:09","177","219"
Kajakfahren,2022-06-24 18:08:16,false,"Würzburg Kajak","9,95","809","00:59:08","173","191","5,0","0","0","10,1","17,3","71","81","0,00","0,0","0,0","0","--","0","0","0,0","0","0","0,0","0,0","--","0","0","0","--","--","--","--","0:00","24,0","0:00","Nein","59:08.00.2","1","0,0","00:57:23","00:59:08","158","192"
Radfahren,2022-06-24 17:36:42,false,"Würzburg Radfahren","5,09","104","00:19:12","136","230","0,6","0","0","15,9","47,2","39","100","0,00","0,0","0,0","0","--","0","0","0,0","0","0","0,0","0,0","--","0","0","0","--","--","--","--","0:00","28,0","0:00","Nein","00:33.47.3","2","0,0","00:15:16","00:19:12","175","201"
Kajakfahren,2022-06-22 18:41:16,false,"Würzburg Polo","0,91","535","01:36:42","119","170","2,2","0","0","0,6","182,4","43","30","0,00","0,0","0,0","0","--","0","0","0,0","0","0","0,0","0,0","--","0","0","0","--","--","--","--","0:00","23,0","0:00","Nein","01:36:42.31.2","1","0,0","00:07:59","01:36:42","170","191"
Radfahren,2022-06-20 21:37:20,false,"Würzburg Radfahren","4,76","92","00:24:26","106","207","0,6","0","0","11,7","26,7","76","20","0,00","0,0","0,0","0","--","0","0","0,0","0","0","0,0","0,0","--","0","0","0","--","--","--","--","0:00","19,0","0:00","Nein","24:26.14.7","1","0,0","00:19:52","00:40:28","177","235"
Kajakfahren,2022-06-20 18:17:06,false,"Würzburg Polo","1,92","585","01:52:28","115","168","2,0","0","0","1,0","11,7","105","114","0,00","0,0","0,0","0","--","0","0","0,0","0","0","0,0","0,0","--","0","0","0","--","--","--","--","0:00","16,0","0:00","Nein","01:52:28.35.4","1","0,0","00:19:56","01:52:28","165","203"
Radfahren,2022-06-20 17:37:54,false,"Würzburg Radfahren","4,80","144","00:19:13","120","144","1,3","0","0","15,0","37,3","24","204","0,00","0,0","0,0","0","--","0","0","0,0","0","0","0,0","0,0","--","0","0","0","--","--","--","--","0:00","25,0","0:00","Nein","19:13.02.6","1","0,0","00:15:53","00:19:13","183","198"
Gravel/Offroad-Radfahren,2022-06-19 18:27:16,false,"Würzburg Gravel/Offroad-Radfahren","15,08","533","00:53:37","149","175","3,5","0","0","16,9","58,2","298","298","0,00","0,0","0,0","0","--","0","0","0,0","0","0","0,0","0,0","--","0","0","0","--","--","--","--","0:00","29,0","0:00","Nein","00:21.53.4","4","0,0","00:53:24","00:56:13","212","346"
Kajakfahren,2022-06-16 17:04:35,false,"Würzburg Kajak","7,62","611","01:27:35","129","183","2,4","0","0","5,2","51,2","198","201","0,00","0,0","0,0","0","--","0","0","0,0","0","0","0,0","0,0","--","0","0","0","--","--","--","--","0:00","22,0","0:00","Nein","01:27:34.51.2","1","0,0","01:13:53","01:27:35","145","192"
Radfahren,2022-06-15 22:46:45,false,"Würzburg Radfahren","4,51","139","00:17:34","122","153","1,1","0","0","15,4","24,9","40","22","0,00","0,0","0,0","0","--","0","0","0,0","0","0","0,0","0,0","--","0","0","0","--","--","--","--","0:00","26,0","0:00","Nein","17:34.08.3","1","0,0","00:16:05","00:17:34","177","198"
Radfahren,2022-06-15 20:00:56,false,"Würzburg Radfahren","8,86","223","00:26:08","127","165","2,1","0","0","20,4","39,6","33","146","0,00","0,0","0,0","0","--","0","0","0,0","0","0","0,0","0,0","--","0","0","0","--","--","--","--","0:00","28,0","0:00","Nein","11:35.23.6","2","0,0","00:23:30","00:26:08","174","249"
Radfahren,2022-06-13 13:56:05,false,"Würzburg Radfahren","4,75","228","00:19:15","150","173","2,7","0","0","14,8","32,8","92","46","0,00","0,0","0,0","0","--","0","0","0,0","0","0","0,0","0,0","--","0","0","0","--","--","--","--","0:00","29,0","0:00","Nein","19:14.60.4","1","0,0","00:17:57","00:19:15","186","248"
Radfahren,2022-06-09 21:52:10,false,"Würzburg Radfahren","4,20","104","00:14:58","115","130","0,6","0","0","16,8","62,5","35","44","0,00","0,0","0,0","0","--","0","0","0,0","0","0","0,0","0,0","--","0","0","0","--","--","--","--","0:00","19,0","0:00","Nein","14:58.24.2","1","0,0","00:13:16","00:14:58","174","196"
Kajakfahren,2022-06-09 19:19:22,false,"Würzburg Polo","2,39","460","01:59:13","95","133","0,4","0","0","1,2","8,9","196","150","0,00","0,0","0,0","0","--","0","0","0,0","0","0","0,0","0,0","--","0","0","0","--","--","--","--","0:00","19,0","0:00","Nein","01:59:12.95.8","1","0,0","00:25:57","01:59:13","148","208"
Radfahren,2022-06-09 18:31:15,false,"Würzburg Radfahren","4,99","121","00:15:32","121","148","1,0","0","0","19,3","36,4","26","201","0,00","0,0","0,0","0","--","0","0","0,0","0","0","0,0","0,0","--","0","0","0","--","--","--","--","0:00","23,0","0:00","Nein","15:32.27.6","1","0,0","00:13:20","00:15:32","180","201"
Radfahren,2022-06-08 22:54:42,false,"Würzburg Radfahren","2,05","46","00:08:23,6","116","143","0,4","0","0","14,6","24,2","20","15","0,00","0,0","0,0","0","--","0","0","0,0","0","0","0,0","0,0","--","0","0","0","--","--","--","--","0:00","24,0","0:00","Nein","08:23.59.5","1","0,0","00:06:59","00:08:53,9","181","201"
Kajakfahren,2022-06-08 18:20:02,false,"Würzburg Polo","1,49","567","01:50:11","115","169","2,0","0","0","0,8","38,9","80","87","0,00","0,0","0,0","0","--","0","0","0,0","0","0","0,0","0,0","--","0","0","0","--","--","--","--","0:00","16,0","0:00","Nein","01:50:11.23.6","1","0,0","00:17:22","01:50:11","152","192"
Radfahren,2022-06-08 17:41:28,false,"Würzburg Radfahren","5,07","112","00:17:30","112","136","0,6","0","0","17,4","39,2","29","285","0,00","0,0","0,0","0","--","0","0","0,0","0","0","0,0","0,0","--","0","0","0","--","--","--","--","0:00","25,0","0:00","Nein","00:25.86.1","2","0,0","00:14:41","00:17:30","175","200"
Gravel/Offroad-Radfahren,2022-06-07 20:14:58,false,"Würzburg Gravel/Offroad-Radfahren","15,40","497","00:54:04","142","177","3,0","0","0","17,1","47,9","328","331","0,00","0,0","0,0","0","--","0","0","0,0","0","0","0,0","0,0","--","0","0","0","--","--","--","--","0:00","17,0","0:00","Nein","01:08.57.2","4","0,0","00:53:50","00:54:16","187","325"
Radfahren,2022-06-06 20:40:06,false,"Würzburg Radfahren","4,48","87","00:18:02","117","230","1,0","0","0","14,9","25,6","36","15","0,00","0,0","0,0","0","--","0","0","0,0","0","0","0,0","0,0","--","0","0","0","--","--","--","--","0:00","23,0","0:00","Nein","18:01.82.8","1","0,0","00:14:15","00:18:02","176","199"
